target,0.isSuccess,0.created,0.totalTime,0.repairTime,1.isSuccess,1.created,1.totalTime,1.repairTime,2.isSuccess,2.created,2.totalTime,2.repairTime,3.isSuccess,3.created,3.totalTime,3.repairTime,4.isSuccess,4.created,4.totalTime,4.repairTime,
test/ABC265/A/WA/34202153.c,false,10000,67848,67280,false,10000,203804,181382,false,10000,226141,194192,false,10000,211794,180284,false,10000,223200,191260,
test/ABC265/A/WA/34206891.c,false,10000,67078,66577,false,10000,164629,141945,false,10000,192382,160629,false,10000,188329,156980,false,10000,199612,167986,
test/ABC265/A/WA/34207296.c,
test/ABC265/A/WA/34208829.c,true,32,17614,17143,true,33,74485,51806,true,34,88774,56990,true,32,79934,48189,true,32,84306,52196,
test/ABC265/A/WA/34211322.c,false,10000,183280,182730,true,1892,98129,75364,true,510,88355,56499,true,234,81637,49608,true,5596,169998,138273,
test/ABC265/A/WA/34212385.c,true,1824,30806,30344,true,181,93363,70888,true,77,103841,71561,true,37,102977,70770,true,52,108254,75819,
test/ABC265/A/WA/34212475.c,false,10000,184843,184157,false,10000,309334,286615,false,10000,316141,282137,false,10000,324802,290681,false,10000,331641,297588,
test/ABC265/A/WA/34212857.c,false,10000,183168,181262,false,10000,361831,338122,false,10000,401333,368499,false,10000,371864,338936,false,10000,407017,374011,
test/ABC265/A/WA/34212989.c,false,10000,52965,52447,false,10000,114559,92055,false,10000,110693,78860,false,10000,122557,90562,false,10000,110242,78661,
test/ABC265/A/WA/34214116.c,false,10000,52572,52052,false,10000,110391,87876,false,10000,113308,81320,false,10000,118597,86418,false,10000,112057,80113,
test/ABC265/A/WA/34216199.c,false,10000,121427,120831,true,149,67711,45312,true,1121,94812,62587,true,2773,110259,77967,true,2923,114758,82691,
test/ABC265/A/WA/34216809.c,false,10000,55626,55098,false,10000,175590,152795,false,10000,194923,163030,false,10000,187002,155054,false,10000,194509,162446,
test/ABC265/A/WA/34216825.c,false,10000,63761,63267,false,10000,174407,151959,false,10000,189476,157943,false,10000,177535,145919,false,10000,198810,167159,
test/ABC265/A/WA/34217623.c,false,10000,55942,55401,false,10000,203372,180671,false,10000,218810,186761,false,10000,219105,186719,false,10000,221880,189887,
test/ABC265/A/WA/34218341.c,false,10000,64748,64257,false,10000,175775,153083,false,10000,190108,158283,false,10000,190005,158274,false,10000,199782,168200,
test/ABC265/A/WA/34218516.c,false,10000,57981,57498,false,10000,175540,152702,false,10000,197117,165464,false,10000,189998,158345,false,10000,193937,162176,
test/ABC265/A/WA/34220500.c,false,10000,66488,65943,false,10000,209104,186398,false,10000,218536,186345,false,10000,210986,179009,false,10000,217847,185915,
test/ABC265/A/WA/34220909.c,false,10000,63621,63137,false,10000,178353,155392,false,10000,193329,161762,false,10000,187093,154909,false,10000,196368,164598,
test/ABC265/A/WA/34221373.c,false,10000,64494,63948,false,10000,200007,176923,false,10000,216688,184426,false,10000,211100,179112,false,10000,215622,183344,
test/ABC265/A/WA/34222363.c,false,10000,69190,68665,false,10000,197002,174333,false,10000,205000,173011,false,10000,213998,182254,false,10000,203790,171987,
test/ABC265/A/WA/34222627.c,false,10000,64960,64417,false,10000,202318,179650,false,10000,212570,180402,false,10000,212339,180415,false,10000,213342,181508,
test/ABC265/A/WA/34223152.c,false,10000,74900,74353,true,1302,82369,59986,false,10000,212882,180698,true,2360,103515,71378,true,4532,145193,112794,
test/ABC265/A/WA/34223475.c,false,10000,66385,65817,false,10000,191225,168658,false,10000,215281,182700,false,10000,215464,183352,false,10000,223969,191737,
test/ABC265/A/WA/34223866.c,false,10000,138737,138118,false,10000,287069,264317,false,10000,314118,281113,false,10000,303411,270244,false,10000,317553,284523,
test/ABC265/A/WA/34224620.c,false,10000,55588,55098,false,10000,195239,172515,false,10000,219476,187333,false,10000,209953,177556,false,10000,222001,189811,
test/ABC265/A/WA/34224818.c,false,10000,335351,334660,false,10000,263597,240884,false,10000,288870,255901,false,10000,278661,245166,false,10000,289157,255957,
test/ABC265/A/WA/34225031.c,false,10000,74802,74274,true,3210,107094,84458,false,10000,219749,187616,true,48,69330,37663,false,10000,227783,195764,
test/ABC265/A/WA/34225502.c,false,10000,74452,73924,true,7000,156721,133932,true,9818,215158,182881,false,10000,206617,174302,true,4936,143934,111985,
test/ABC265/A/WA/34226848.c,false,10000,209672,209170,false,10000,328796,306241,false,10000,368631,336639,false,10000,345202,313198,false,10000,357924,325721,
test/ABC265/A/WA/34228013.c,false,10000,210059,209505,false,10000,325765,302954,false,10000,349486,317595,false,10000,358167,326129,false,10000,368015,336063,
test/ABC265/A/WA/34228161.c,false,10000,56203,55643,false,10000,206459,183833,false,10000,217255,185066,false,10000,213003,180660,false,10000,231217,198973,
test/ABC265/A/WA/34228962.c,false,10000,55647,55108,false,10000,189660,166934,false,10000,212867,180299,false,10000,216769,184538,false,10000,211991,179283,
test/ABC265/A/WA/34231867.c,false,10000,100688,100062,false,10000,275292,252229,false,10000,294163,261781,false,10000,292324,259897,false,10000,310234,277593,
test/ABC265/A/WA/34236227.c,false,10000,77524,77065,false,10000,178861,156046,false,10000,197238,165792,false,10000,188644,157195,false,10000,195790,164273,
test/ABC265/A/WA/34239424.c,false,10000,203642,202998,false,10000,342712,319766,false,10000,359586,326282,false,10000,357999,325186,false,10000,357804,324586,
test/ABC265/A/WA/34239735.c,false,10000,191627,190994,false,10000,335919,313287,false,10000,360306,327417,false,10000,367001,333842,false,10000,360763,327584,
test/ABC265/A/WA/34240301.c,false,10000,57346,56852,false,10000,191158,168366,false,10000,203342,170823,false,10000,209492,176783,false,10000,218200,185969,
test/ABC265/A/WA/34241577.c,false,10000,103113,102423,false,10000,275856,252971,false,10000,287166,254168,false,10000,284747,251863,false,10000,283706,250675,
test/ABC265/A/WA/34242915.c,false,10000,211132,210331,false,10000,414284,391201,false,10000,466512,431441,false,10000,472436,437329,false,10000,481286,446441,
test/ABC265/A/WA/34243096.c,false,10000,251244,250531,false,10000,440115,417158,false,10000,478729,444434,false,10000,464762,430636,false,10000,482866,448233,
test/ABC265/A/WA/34244947.c,false,10000,344250,343671,false,10000,256243,233455,false,10000,274239,242317,false,10000,262445,230540,false,10000,270648,238836,
test/ABC265/A/WA/34245264.c,false,10000,325323,324750,false,10000,242529,219699,false,10000,250179,218226,false,10000,237345,205351,false,10000,272534,240422,
test/ABC265/A/WA/34245494.c,false,10000,335112,334537,false,10000,242624,219959,false,10000,268998,236783,false,10000,259052,227049,false,10000,262143,229844,
test/ABC265/A/WA/34255072.c,false,10000,715461,714923,false,10000,612013,589211,false,10000,599785,567671,false,10000,600934,568750,false,10000,631885,599924,
test/ABC265/A/WA/34255164.c,false,10000,656369,655857,false,10000,550107,527392,false,10000,565281,533167,false,10000,573514,541531,false,10000,582785,550652,
test/ABC265/A/WA/34255274.c,false,10000,421635,421030,false,10000,428779,406253,false,10000,472495,440216,false,10000,447095,414568,false,10000,456278,423874,
test/ABC265/A/WA/34255385.c,false,10000,475398,474879,true,628,92613,69902,false,10000,510572,478504,true,3317,208723,176425,false,10000,519943,487477,
test/ABC265/A/WA/34255733.c,false,10000,158575,156647,false,10000,344741,321605,false,10000,387654,355216,false,10000,362726,330045,false,10000,407385,374156,
test/ABC265/A/WA/34269430.c,false,10000,351399,350716,false,10000,350782,327962,false,10000,396966,363489,false,10000,374457,340840,false,10000,392212,358446,
test/ABC265/A/WA/34269463.c,false,10000,344429,343754,false,10000,341223,318209,false,10000,402574,368857,false,10000,373368,340095,false,10000,393195,359792,
test/ABC265/A/WA/34275650.c,false,10000,64990,64428,false,10000,200241,177364,false,10000,216349,184148,false,10000,217978,186061,false,10000,216062,184124,
test/ABC265/A/WA/34275708.c,false,10000,65902,65340,false,10000,202352,179616,false,10000,211190,178842,false,10000,216406,184225,false,10000,218761,186408,
test/ABC265/A/WA/34275769.c,false,10000,65971,65416,false,10000,199404,176827,false,10000,220839,188721,false,10000,221786,189457,false,10000,200810,168737,
test/ABC265/A/WA/34278462.c,false,10000,112991,112398,false,10000,232103,209229,false,10000,249846,217595,false,10000,242636,210408,false,10000,252950,220326,
test/ABC265/A/WA/34283445.c,false,10000,422324,421789,false,10000,188794,166014,false,10000,219634,187759,false,10000,201169,169434,false,10000,218894,186716,
test/ABC265/A/WA/34283462.c,false,10000,434197,433667,false,10000,181107,158278,false,10000,223628,191544,false,10000,176896,145099,false,10000,222961,191269,
test/ABC265/A/WA/34283482.c,false,10000,464715,464151,false,10000,184694,162076,false,10000,222382,190481,false,10000,208577,176816,false,10000,218454,186351,
test/ABC265/A/WA/34291454.c,false,10000,70452,69872,false,10000,167846,145408,false,10000,194048,161769,false,10000,211849,179645,false,10000,200810,168611,
test/ABC265/A/WA/34291547.c,false,10000,70444,69876,false,10000,138606,115892,false,10000,177765,145696,false,10000,190326,158243,false,10000,210155,177827,
test/ABC265/A/WA/34291564.c,false,10000,70487,69905,false,10000,139058,116405,false,10000,175399,143566,false,10000,169406,137384,false,10000,177366,145496,
test/ABC265/A/WA/34291666.c,false,10000,75911,75386,false,10000,170908,148317,false,10000,215253,183352,false,10000,184745,152829,false,10000,195400,163651,
test/ABC265/A/WA/34291691.c,false,10000,76354,75826,false,10000,185096,162523,false,10000,205095,173170,false,10000,203508,171819,false,10000,199892,168004,
test/ABC265/A/WA/34291721.c,false,10000,75946,75421,true,3896,112263,89521,false,10000,205817,174079,false,10000,163401,131613,false,10000,212575,180703,
test/ABC265/A/WA/34291861.c,false,10000,73263,72722,false,10000,173802,150953,false,10000,214808,182967,false,10000,180873,149046,false,10000,203889,172157,
test/ABC265/A/WA/34291884.c,false,10000,75717,75182,true,8096,155706,133084,false,10000,212658,180743,false,10000,197203,165511,false,10000,194201,162117,
test/ABC265/A/WA/34292002.c,false,10000,75706,75174,true,1153,80210,57684,true,3374,104962,73050,true,1943,84363,52400,true,7040,171842,139780,
test/ABC265/A/WA/34292112.c,false,10000,80056,79581,true,5214,128912,106203,true,2747,105531,74016,true,1212,84867,53347,true,2592,102884,70940,
test/ABC265/A/WA/34297297.c,false,10000,338808,336581,false,10000,922912,899407,false,10000,977751,942341,false,10000,937040,901252,false,10000,988336,952536,
test/ABC265/A/WA/34302748.c,false,10000,67547,67098,false,10000,180933,158323,false,10000,191501,160104,false,10000,203478,172023,false,10000,206836,175401,
test/ABC265/A/WA/34317686.c,false,10000,177786,176567,false,10000,479328,456277,false,10000,526416,491241,false,10000,491339,456303,false,10000,512090,477058,
test/ABC265/A/WA/34323068.c,false,10000,281730,280636,false,10000,346563,323483,false,10000,378020,343557,false,10000,391690,357453,false,10000,382896,349038,
test/ABC265/A/WA/34324060.c,false,10000,74530,74025,true,2445,70917,48364,false,10000,194250,162602,false,10000,171247,139650,false,10000,177444,145672,
test/ABC265/A/WA/34324461.c,false,10000,56225,55699,false,10000,199129,176324,false,10000,213872,181537,false,10000,209542,177525,false,10000,220562,188242,
test/ABC265/A/WA/34324668.c,false,10000,56413,55870,false,10000,189608,166887,false,10000,222557,190525,false,10000,208209,176338,false,10000,220198,188450,
test/ABC265/A/WA/34324821.c,false,10000,57593,57040,false,10000,212051,189118,false,10000,228919,196550,false,10000,220248,188050,false,10000,231475,199143,
test/ABC265/A/WA/34324881.c,false,10000,64572,64026,false,10000,211405,188778,false,10000,229961,197910,false,10000,210944,178761,false,10000,231821,200020,
test/ABC265/A/WA/34324923.c,false,10000,74787,74223,false,10000,211786,189108,false,10000,230217,198219,false,10000,229250,197148,false,10000,215350,183171,
test/ABC265/A/WA/34324968.c,false,10000,74189,73621,false,10000,204491,181571,false,10000,228550,196638,false,10000,221071,189129,false,10000,227960,195695,
test/ABC265/A/WA/34324988.c,false,10000,68413,67904,false,10000,209531,186722,false,10000,230875,198668,false,10000,210198,177860,false,10000,227354,195505,
test/ABC265/A/WA/34325193.c,false,10000,73603,73079,false,10000,208767,185949,false,10000,221685,189925,false,10000,219038,187054,false,10000,224740,192744,
test/ABC265/A/WA/34335251.c,false,10000,75867,75326,false,10000,178087,155397,false,10000,220469,188680,false,10000,196120,164141,false,10000,216862,184782,
test/ABC265/A/WA/34338524.c,false,10000,59525,59021,false,10000,166387,143747,false,10000,182492,150711,false,10000,179471,147822,false,10000,197349,165380,
test/ABC265/A/WA/34339354.c,false,10000,233255,232126,false,10000,343004,320020,false,10000,362235,327079,false,10000,365558,330063,false,10000,361840,326693,
test/ABC265/A/WA/34357787.c,
test/ABC265/A/WA/34357791.c,
test/ABC265/A/WA/34357806.c,
test/ABC265/A/WA/34360665.c,false,10000,369496,368328,false,10000,443820,420456,false,10000,466546,431577,false,10000,462184,427127,false,10000,468503,433732,
test/ABC265/A/WA/34364599.c,false,10000,315159,314469,false,10000,366312,343373,false,10000,405350,371980,false,10000,375611,342036,false,10000,401228,367653,
test/ABC265/A/WA/34388240.c,false,10000,66615,66081,false,10000,193782,170636,false,10000,218775,186418,false,10000,215964,183963,false,10000,213693,181367,
test/ABC265/A/WA/34458445.c,false,10000,67564,67076,false,10000,201172,178365,false,10000,215433,183263,false,10000,194073,161854,false,10000,206547,174439,
test/ABC265/A/WA/34466851.c,false,10000,76044,75500,false,10000,206104,183209,false,10000,203123,171134,false,10000,212852,180743,false,10000,210048,177990,
test/ABC265/A/WA/34508308.c,false,10000,68285,67757,false,10000,191628,168977,false,10000,197725,165682,false,10000,192206,160264,false,10000,218546,186367,
test/ABC265/A/WA/34521692.c,false,10000,67231,66703,false,10000,193864,170949,false,10000,214198,182437,false,10000,201703,170018,false,10000,219545,188102,
test/ABC265/A/WA/34521845.c,false,10000,60987,60437,false,10000,181653,159110,false,10000,209301,177361,false,10000,195515,163423,false,10000,205785,174205,
test/ABC265/A/WA/34521860.c,false,10000,58825,58342,false,10000,179743,157024,false,10000,206441,174409,false,10000,191706,160194,false,10000,205845,174123,
test/ABC265/A/WA/34521941.c,false,10000,59187,58655,false,10000,175876,153079,false,10000,204326,172220,false,10000,200009,167927,false,10000,207490,175806,
test/ABC265/A/WA/34528027.c,false,10000,199438,198864,false,10000,264176,241365,false,10000,285413,252887,false,10000,280929,248178,false,10000,282984,250509,
test/ABC265/A/WA/34634924.c,false,10000,169583,168935,false,10000,336786,314104,false,10000,360853,327433,false,10000,359330,325796,false,10000,362378,329288,
test/ABC265/A/WA/34720117.c,false,10000,485256,483395,false,10000,726704,702785,false,10000,730904,698035,false,10000,726960,694149,false,10000,744057,711140,
test/ABC265/A/WA/34720434.c,false,10000,472639,470720,false,10000,705596,682348,false,10000,721596,688649,false,10000,716889,684031,false,10000,720401,687602,
test/ABC265/A/WA/34845370.c,false,10000,64668,64142,false,10000,199004,176183,false,10000,211803,179930,false,10000,212278,179993,false,10000,218052,186128,
test/ABC265/A/WA/34866071.c,
test/ABC265/A/WA/34878551.c,false,10000,125677,124719,false,10000,436543,413574,false,10000,464007,429003,false,10000,459911,424864,false,10000,467310,431971,
test/ABC265/A/WA/35027644.c,false,10000,68785,68245,false,10000,193308,170509,false,10000,211258,179119,false,10000,208590,176657,false,10000,215418,183383,
test/ABC265/A/WA/35186597.c,false,10000,69235,68728,false,10000,183747,160957,false,10000,202426,170735,false,10000,198155,166246,false,10000,183292,151844,
test/ABC265/A/WA/35186650.c,false,10000,69205,68661,false,10000,161280,138650,false,10000,195017,163095,false,10000,188318,156519,false,10000,202479,170801,
test/ABC265/A/WA/35403577.c,false,10000,76477,75973,false,10000,171437,148651,false,10000,165751,134462,false,10000,193434,161787,false,10000,168434,136748,
test/ABC265/A/WA/35403587.c,false,10000,76706,76198,false,10000,175454,152679,false,10000,180862,149362,false,10000,181712,149932,false,10000,183204,151608,
test/ABC265/A/WA/35403674.c,false,10000,184908,182023,false,10000,2533403,2509653,false,10000,2574403,2529648,false,10000,2610018,2564944,false,10000,2571657,2526798,
test/ABC265/A/WA/35414151.c,false,10000,76769,76266,false,10000,161471,138883,false,10000,175155,143426,false,10000,169125,137834,false,10000,182554,150929,
test/ABC265/A/WA/35416554.c,false,10000,78070,77533,false,10000,180804,158110,false,10000,210948,178885,false,10000,207610,175685,false,10000,212449,180824,
test/ABC265/A/WA/35417297.c,false,10000,78179,77621,false,10000,183258,160473,false,10000,217434,185540,false,10000,196413,164115,false,10000,206789,174788,
test/ABC266/A/WA/34369922.c,
test/ABC266/A/WA/34371068.c,false,10000,55386,54843,true,1732,44740,22136,true,2077,56353,25233,true,279,47342,16074,true,1632,52829,21497,
test/ABC266/A/WA/34371689.c,false,10000,112904,111030,false,10000,193420,169959,false,10000,237861,205478,false,10000,200192,167847,false,10000,247349,215180,
test/ABC266/A/WA/34374151.c,false,10000,81518,80373,false,10000,152874,129964,false,10000,186652,154772,false,10000,167361,135449,
test/ABC266/A/WA/34375113.c,false,10000,56336,55676,true,1394,44689,21947,false,10000,99803,68399,true,5057,75316,43942,false,10000,99803,68489,
test/ABC266/A/WA/34379530.c,false,10000,63542,62883,true,469,45602,23027,false,10000,149438,118360,true,1847,62318,31050,false,10000,149609,118413,
test/ABC266/A/WA/34380529.c,
test/ABC266/A/WA/34380681.c,false,10000,67913,67295,true,1000,41774,19010,false,10000,99363,67948,true,1198,51979,20618,false,10000,100127,68528,
test/ABC266/A/WA/34382806.c,false,10000,59536,58854,false,10000,119839,96992,false,10000,127417,95652,false,10000,130890,99012,
test/ABC266/A/WA/34386025.c,false,10000,169123,168470,false,10000,211390,188786,false,10000,248488,216387,false,10000,236024,204148,false,10000,264778,232975,
test/ABC266/A/WA/34386242.c,false,10000,165280,164583,false,10000,205996,183029,false,10000,252879,221001,false,10000,227020,195299,false,10000,254001,222387,
test/ABC266/A/WA/34387647.c,false,10000,177021,176506,false,10000,150930,128134,false,10000,178582,147220,false,10000,162670,131150,false,10000,181121,149525,
test/ABC266/A/WA/34388092.c,false,10000,128243,127722,true,992,56592,33731,false,10000,163633,132182,true,284,61940,30266,false,10000,169905,138166,
test/ABC266/A/WA/34388373.c,false,10000,143595,143074,false,10000,202196,179338,true,5726,156340,124480,false,10000,206943,175275,false,10000,224218,192755,
test/ABC266/A/WA/34388574.c,false,10000,124234,123719,true,5177,99454,76601,false,10000,173412,141560,true,46,57213,25887,false,10000,169391,137900,
test/ABC266/A/WA/34388660.c,false,10000,146909,146381,false,10000,209246,186603,false,10000,225636,194050,false,10000,212808,181264,false,10000,223916,192275,
test/ABC266/A/WA/34388746.c,false,10000,124433,123927,false,10000,142216,119329,false,10000,166938,134535,false,10000,146892,115055,false,10000,168848,137174,
test/ABC266/A/WA/34389174.c,false,10000,178680,178161,true,9109,140259,117450,false,10000,181719,150087,false,10000,156785,125425,false,10000,178504,146684,
test/ABC266/A/WA/34389882.c,false,10000,178704,178189,false,10000,141040,118342,false,10000,183700,152007,false,10000,164847,133037,false,10000,181696,149887,
test/ABC266/A/WA/34395922.c,false,10000,92822,90817,false,10000,644124,620870,false,10000,706103,672212,false,10000,662629,628919,false,10000,699339,665691,
test/ABC266/A/WA/34398934.c,false,10000,92916,91594,false,10000,238029,214879,false,10000,270291,237217,false,10000,243941,210448,false,10000,280305,247004,
test/ABC266/A/WA/34400199.c,false,10000,87559,86420,false,10000,187731,164752,false,10000,196634,164591,false,10000,197901,165676,false,10000,197826,165612,
test/ABC266/A/WA/34400376.c,true,32,37576,36908,true,33,83593,60799,true,33,94245,62355,true,32,98218,65948,true,35,97492,65457,
test/ABC266/A/WA/34410301.c,false,10000,48771,48088,false,10000,180723,158018,false,10000,198313,166362,false,10000,183888,152068,false,10000,202216,170425,
test/ABC266/A/WA/34419742.c,false,10000,111689,109735,false,10000,425693,402210,false,10000,489419,456205,false,10000,447268,414204,false,10000,493444,460758,
test/ABC266/A/WA/34439247.c,false,10000,50623,50141,false,10000,119888,97306,false,10000,138110,106573,false,10000,128348,97273,false,10000,127063,95736,
test/ABC266/A/WA/34439326.c,false,10000,45853,45366,false,10000,119131,96600,false,10000,139921,108259,false,10000,122188,90679,false,10000,135957,104507,
test/ABC266/A/WA/34439387.c,false,10000,55449,54968,false,10000,118822,95918,false,10000,133578,102285,false,10000,147036,115437,
test/ABC266/A/WA/34439394.c,false,10000,53890,53399,false,10000,118257,95692,false,10000,134982,103431,false,10000,122018,90506,false,10000,135366,104131,
test/ABC266/A/WA/34440081.c,false,10000,90686,89952,false,10000,220462,197585,false,10000,252285,220014,false,10000,239713,207374,false,10000,252974,220443,
test/ABC266/A/WA/34440323.c,false,10000,47468,46807,false,10000,130796,107879,false,10000,151160,119665,false,10000,138423,106997,false,10000,147475,116194,
test/ABC266/A/WA/34478981.c,false,10000,56302,55786,false,10000,134836,112017,false,10000,150024,118274,false,10000,147777,116262,false,10000,152325,120728,
test/ABC266/A/WA/34502158.c,false,10000,20787,20316,false,10000,76346,53548,false,10000,96989,65490,false,10000,86832,55583,false,10000,99745,68126,
test/ABC266/A/WA/34502181.c,false,10000,27355,26695,false,10000,77783,54870,false,10000,104726,73129,false,10000,84808,53424,false,10000,105967,74854,
test/ABC266/A/WA/34502199.c,false,10000,66942,66285,true,705,46773,23989,true,563,55754,24179,true,387,50659,19109,true,3944,90122,58535,
test/ABC266/A/WA/34502233.c,false,10000,67180,66525,true,653,45820,23137,true,628,56237,24814,true,65,49565,18057,true,103,53605,22413,
test/ABC266/A/WA/34515128.c,false,10000,142364,141805,true,8076,193264,170702,false,10000,231131,199208,false,10000,230166,198256,false,10000,233127,201182,
test/ABC266/A/WA/34520112.c,false,10000,60934,60258,false,10000,120198,97150,false,10000,153738,122422,false,10000,138872,107300,false,10000,145829,114161,
test/ABC266/A/WA/34520157.c,false,10000,60529,59876,false,10000,132076,109405,false,10000,147652,116253,false,10000,138009,106414,false,10000,150025,118156,
test/ABC266/A/WA/34520176.c,false,10000,49913,49262,false,10000,115756,92950,false,10000,142967,111244,false,10000,130930,99486,false,10000,156662,125143,
test/ABC266/A/WA/34520508.c,false,10000,66590,65922,false,10000,124561,101613,false,10000,149640,117913,false,10000,128526,96783,false,10000,139804,108320,
test/ABC266/A/WA/34520525.c,false,10000,53063,52412,false,10000,123675,100820,false,10000,129037,97559,false,10000,121543,90370,false,10000,126881,95493,
test/ABC266/A/WA/34520595.c,false,10000,52829,52170,false,10000,117579,94914,false,10000,125350,93809,false,10000,130673,99188,false,10000,130811,99191,
test/ABC266/A/WA/34520659.c,false,10000,66954,66301,false,10000,123170,100308,false,10000,129432,97832,false,10000,135394,103898,false,10000,133483,101937,
test/ABC266/A/WA/34520813.c,false,10000,50357,49695,false,10000,112725,89885,false,10000,129553,98126,false,10000,132960,101530,false,10000,131991,100499,
test/ABC266/A/WA/34520821.c,false,10000,59249,58595,false,10000,128329,105503,false,10000,127409,96067,false,10000,120857,89289,false,10000,125427,94173,
test/ABC266/A/WA/34683285.c,false,10000,53028,52367,false,10000,126990,103830,false,10000,121132,89282,false,10000,117674,85793,false,10000,121220,89492,
test/ABC266/A/WA/34698253.c,false,10000,62561,61902,false,10000,126939,104362,false,10000,133842,102507,false,10000,137703,106368,false,10000,137816,106519,
test/ABC266/A/WA/34884476.c,false,10000,154901,154415,false,10000,225228,202543,false,10000,240707,209378,true,7179,192540,160712,false,10000,253753,221985,
test/ABC266/A/WA/34884528.c,false,10000,201016,200505,true,6586,172348,149652,false,10000,247961,215865,false,10000,236615,204719,false,10000,249905,217990,
test/ABC266/A/WA/35174802.c,
test/ABC266/A/WA/35327372.c,false,10000,67118,66202,false,10000,209227,186261,false,10000,229254,197218,false,10000,220714,188412,false,10000,236853,204598,
test/ABC266/A/WA/35327392.c,false,10000,86295,85308,false,10000,213709,190768,false,10000,250874,218583,false,10000,227038,194508,false,10000,245968,213703,
test/ABC266/A/WA/35327436.c,false,10000,96078,95064,true,6832,176661,153732,false,10000,251622,219538,false,10000,228734,196454,false,10000,248584,216286,
test/ABC266/A/WA/35327968.c,false,10000,25503,24537,false,10000,146452,123610,false,10000,184567,152627,false,10000,159220,127247,false,10000,184889,152795,
test/ABC266/A/WA/35328111.c,false,10000,56272,55330,false,10000,108594,85914,false,10000,100717,69490,false,10000,105802,73892,false,10000,104999,73139,
test/ABC266/A/WA/35463393.c,false,10000,21299,20837,false,10000,65749,43222,false,10000,73383,42402,false,10000,74496,43153,false,10000,72975,41841,
test/ABC266/A/WA/35463434.c,false,10000,17970,17487,false,10000,72960,50351,false,10000,103335,71542,false,10000,82408,50933,false,10000,102032,70515,
test/ABC266/A/WA/35463762.c,false,10000,52214,51722,true,4685,95920,73306,false,10000,182786,151437,true,2118,79337,47835,false,10000,184159,152309,
test/ABC266/A/WA/35464024.c,false,10000,109468,108959,false,10000,162018,139461,false,10000,205877,174679,false,10000,186244,154797,false,10000,205616,174246,
test/ABC266/A/WA/35464196.c,false,10000,43218,42735,false,10000,117511,94727,false,10000,95235,63657,false,10000,97227,65778,false,10000,93787,62354,
test/ABC266/A/WA/35577366.c,
test/ABC267/A/WA/34535477.c,true,34,22920,22368,true,32,101940,79139,true,35,112222,79651,true,32,112295,79855,true,34,112600,79847,
test/ABC267/A/WA/34535679.c,false,10000,45925,45196,true,1961,149255,126717,true,3350,165375,133181,true,2844,164247,132159,true,535,152353,119628,
test/ABC267/A/WA/34536872.c,false,10000,56783,56248,false,10000,166760,144106,false,10000,174610,142830,false,10000,176126,143706,false,10000,173542,141532,
test/ABC267/A/WA/34537880.c,false,10000,56840,56249,true,3537,139869,117185,true,856,135229,103364,true,266,134727,102629,true,1107,137376,105744,
test/ABC267/A/WA/34538734.c,false,10000,63282,62719,false,10000,212034,189250,false,10000,233445,201470,false,10000,227284,195198,false,10000,227108,194811,
test/ABC267/A/WA/34538918.c,false,10000,50456,49898,false,10000,210094,187303,false,10000,210412,178594,false,10000,232596,200581,false,10000,215770,183714,
test/ABC267/A/WA/34538945.c,false,10000,159249,157727,false,10000,529415,506231,true,901,470185,436894,true,1093,470785,437702,true,1917,485458,452235,
test/ABC267/A/WA/34539362.c,false,10000,50583,50039,false,10000,216095,193271,false,10000,218629,186432,false,10000,228221,196651,false,10000,244222,212285,
test/ABC267/A/WA/34540470.c,false,10000,76892,76127,true,302,154355,131635,true,3228,179247,146575,true,443,164783,132326,true,960,166639,134108,
test/ABC267/A/WA/34541240.c,false,10000,51393,50829,false,10000,213881,191066,false,10000,219041,187230,false,10000,216155,184042,false,10000,207434,175260,
test/ABC267/A/WA/34541282.c,false,10000,77129,76372,true,477,155678,132897,true,2642,175462,143147,true,492,166256,133694,true,67,162880,130463,
test/ABC267/A/WA/34541438.c,false,10000,50845,50277,true,544,97850,75153,true,280,104368,72216,true,708,108012,75993,true,597,106170,74068,
test/ABC267/A/WA/34541879.c,false,10000,104769,104074,false,10000,167001,144267,true,2274,97936,65963,true,50,66760,34675,false,10000,192800,160745,
test/ABC267/A/WA/34542281.c,false,10000,50902,50344,false,10000,221213,198335,false,10000,210112,178062,false,10000,229162,197153,false,10000,210428,178173,
test/ABC267/A/WA/34542834.c,false,10000,82472,81308,true,778,248960,225927,true,289,256519,224300,true,304,256300,224000,true,211,256664,224316,
test/ABC267/A/WA/34543100.c,true,32,23616,22962,true,37,153270,130743,true,34,163059,130551,true,33,163155,130808,true,37,164894,132508,
test/ABC267/A/WA/34543513.c,false,10000,79486,78725,false,10000,243972,221375,true,722,185209,152569,true,697,184011,151683,true,4491,211573,178603,
test/ABC267/A/WA/34543581.c,true,36,23948,23283,true,32,153765,131097,true,34,163040,130703,true,34,162925,130704,true,33,163268,130957,
test/ABC267/A/WA/34543942.c,true,35,23697,23034,true,33,150754,127954,true,32,161587,128973,true,33,160624,128282,true,33,161019,128531,
test/ABC267/A/WA/34544434.c,false,10000,72510,71495,false,10000,235689,212848,false,10000,260798,228274,false,10000,246751,214569,false,10000,256752,224108,
test/ABC267/A/WA/34549577.c,false,10000,100056,99296,true,369,103701,80960,true,1134,117874,85156,true,1140,117045,84863,true,235,113322,80877,
test/ABC267/A/WA/34549689.c,false,10000,43306,42739,true,88,92927,70134,true,311,103936,71958,true,2634,121021,88477,true,835,107337,74965,
test/ABC267/A/WA/34550337.c,false,10000,98667,97982,true,128,103390,80848,true,365,113389,81045,true,1459,119408,86692,true,142,112707,80161,
test/ABC267/A/WA/34550342.c,false,10000,47031,46465,false,10000,176985,154195,false,10000,164997,133068,false,10000,186584,154691,false,10000,168145,136296,
test/ABC267/A/WA/34554006.c,false,10000,45538,44770,false,10000,126894,104278,false,10000,139411,106329,false,10000,137311,104183,false,10000,139944,106669,
test/ABC267/A/WA/34555594.c,false,10000,99412,98643,false,10000,151937,129078,true,6537,145820,113186,true,2304,123676,90875,true,2961,125577,92790,
test/ABC267/A/WA/34555848.c,false,10000,46577,46053,false,10000,193573,170911,false,10000,225286,193673,false,10000,212300,180303,false,10000,226339,194264,
test/ABC267/A/WA/34557039.c,false,10000,165207,164616,false,10000,201414,178780,false,10000,234759,202299,false,10000,218089,185424,false,10000,232388,199630,
test/ABC267/A/WA/34562346.c,false,10000,44157,43386,false,10000,180237,157443,false,10000,190573,157335,false,10000,189760,156479,false,10000,190819,157721,
test/ABC267/A/WA/34563923.c,false,10000,44531,43988,true,145,84314,61551,true,7905,122562,90845,true,245,93733,62149,false,10000,129631,97986,
test/ABC267/A/WA/34564134.c,false,10000,44508,44005,true,151,84250,61695,true,788,94899,63413,true,1222,98318,66632,true,2457,102765,70876,
test/ABC267/A/WA/34564753.c,false,10000,44556,44005,true,2175,93739,70682,true,300,93437,61766,true,2221,102798,71049,true,772,95556,63817,
test/ABC267/A/WA/34565341.c,false,10000,43911,43133,false,10000,204755,181954,false,10000,229601,195563,false,10000,219307,185635,false,10000,233499,199753,
test/ABC267/A/WA/34565403.c,false,10000,55632,55072,false,10000,168543,145895,true,2199,129789,97863,true,9615,176725,144937,false,10000,163374,131595,
test/ABC267/A/WA/34566071.c,false,10000,56140,55629,false,10000,166868,144000,true,4803,139278,107807,true,5000,142280,110560,false,10000,164415,132419,
test/ABC267/A/WA/34566343.c,false,10000,56403,55691,true,2280,111852,89067,true,1265,107168,75319,true,454,97072,64741,true,404,96703,64852,
test/ABC267/A/WA/34566811.c,false,10000,56572,55873,true,6113,149620,126942,true,7623,196890,164865,true,124,95622,63654,true,8700,211341,179367,
test/ABC267/A/WA/34567353.c,false,10000,91297,90515,true,849,107205,84418,true,5540,146050,113718,true,248,117067,84762,true,9123,167727,135163,
test/ABC267/A/WA/34567574.c,false,10000,92450,91675,true,1000,107424,84812,true,5987,147496,114945,true,909,116198,83889,false,10000,170322,137868,
test/ABC267/A/WA/34568312.c,false,10000,90874,90088,true,524,105668,82913,true,1695,121661,89368,true,405,114374,81901,true,1875,123306,90646,
test/ABC267/A/WA/34568440.c,false,10000,101440,99657,false,10000,531068,507538,false,10000,564053,529924,false,10000,555113,521098,true,8726,547562,513400,
test/ABC267/A/WA/34568843.c,false,10000,90983,90211,true,1073,109444,86567,true,1519,121065,88818,true,4785,140460,107965,true,1982,123112,90778,
test/ABC267/A/WA/34569141.c,false,10000,91280,90518,true,553,105750,82937,true,2271,126768,94190,true,1082,118608,86438,true,7786,157876,125331,
test/ABC267/A/WA/34569797.c,false,10000,90666,89903,true,395,104248,81599,true,245,113708,81181,true,130,113284,80640,true,1891,122883,90717,
test/ABC267/A/WA/34570061.c,
test/ABC267/A/WA/34570365.c,false,10000,116709,115962,true,405,104780,82168,true,525,115398,82794,true,442,114616,82166,true,694,116346,83741,
test/ABC267/A/WA/34570909.c,false,10000,114750,113948,true,2279,118473,95846,true,2585,129240,96746,true,1327,119822,87726,true,288,113891,81579,
test/ABC267/A/WA/34572045.c,false,10000,93562,91844,true,1551,434254,410922,true,1719,447313,412888,true,5294,508835,474625,true,597,435342,401352,
test/ABC267/A/WA/34572056.c,
test/ABC267/A/WA/34581385.c,
test/ABC267/A/WA/34584088.c,false,10000,45027,44488,true,701,105878,83429,true,478,114855,82949,true,1386,119598,87533,true,1000,116154,84168,
test/ABC267/A/WA/34589591.c,true,32,6337,5850,true,33,93389,70563,true,32,103961,71842,true,32,106581,74417,true,35,104190,72198,
test/ABC267/A/WA/34589606.c,true,34,6318,5887,true,32,103376,80757,true,33,115086,82703,true,32,114685,82551,true,34,114675,82350,
test/ABC267/A/WA/34591630.c,false,10000,16419,15773,false,10000,176022,153340,false,10000,209397,175762,false,10000,190285,156601,false,10000,210912,177257,
test/ABC267/A/WA/34598560.c,false,10000,42084,41534,true,3425,128647,105995,true,5862,147675,115991,true,5300,147233,115498,true,1583,129326,97388,
test/ABC267/A/WA/34623925.c,
test/ABC267/A/WA/34630480.c,false,10000,75518,74781,true,1133,146535,123905,false,10000,206111,173571,false,10000,207642,175071,false,10000,204344,171819,
test/ABC267/A/WA/34630531.c,false,10000,75970,75237,false,10000,193810,170735,false,10000,206288,173678,false,10000,210028,177630,false,10000,207045,174519,
test/ABC267/A/WA/34630571.c,false,10000,76180,75435,true,591,142389,119626,true,390,152614,119934,true,123,151299,118521,true,334,150973,118476,
test/ABC267/A/WA/34630578.c,false,10000,76343,75611,true,100,140929,118205,true,268,151330,118710,true,206,151172,118448,true,435,152316,119671,
test/ABC267/A/WA/34640273.c,false,10000,163841,163222,false,10000,284994,262193,false,10000,323978,291433,false,10000,319931,287029,false,10000,318502,285800,
test/ABC267/A/WA/34660991.c,true,35,23532,22861,true,34,154390,131438,true,33,162895,130344,true,33,163170,130795,true,37,162705,130226,
test/ABC267/A/WA/34661005.c,true,32,24401,23733,true,33,166008,143356,true,34,177452,144648,true,34,177096,144562,true,38,176083,143690,
test/ABC267/A/WA/34683899.c,false,10000,45644,45105,true,150,124738,102066,true,5918,158730,127067,true,186,133142,101608,true,4378,152511,120789,
test/ABC267/A/WA/34683954.c,false,10000,51287,50721,false,10000,218578,195501,false,10000,213569,181824,false,10000,233826,201779,false,10000,209560,177713,
test/ABC267/A/WA/34706656.c,false,10000,58308,57714,false,10000,176402,153700,false,10000,191728,159110,false,10000,189770,157238,
test/ABC267/A/WA/34838928.c,false,10000,44990,44458,false,10000,138804,116171,false,10000,141040,109054,false,10000,145001,113038,false,10000,141282,109521,
test/ABC267/A/WA/34839273.c,false,10000,53272,52528,true,127,101934,79245,true,143,111650,79381,true,1805,123375,90851,true,1069,116711,84319,
test/ABC267/A/WA/34961964.c,false,10000,90419,89499,false,10000,342419,319454,false,10000,380281,344319,false,10000,369882,333900,false,10000,389378,353577,
test/ABC267/A/WA/35013899.c,false,10000,54501,53946,true,2530,84813,62130,true,3862,99497,67930,true,2749,94957,63129,true,2161,92240,60737,
test/ABC267/A/WA/35016345.c,false,10000,50850,50154,true,3980,113781,91082,false,10000,210319,178543,true,3597,125577,93325,false,10000,221898,189799,
test/ABC267/A/WA/35017179.c,false,10000,50837,50139,true,9547,189648,166776,true,3744,129530,97434,false,10000,197381,165281,true,4242,140337,108016,
test/ABC267/A/WA/35033694.c,false,10000,49005,48441,false,10000,204427,181834,false,10000,199422,167570,false,10000,213947,181949,false,10000,200699,168931,
test/ABC267/A/WA/35033707.c,false,10000,48555,48007,true,1613,137524,114637,true,1164,146852,114813,false,10000,220343,188253,true,9462,202494,170498,
test/ABC267/A/WA/35033766.c,
test/ABC267/A/WA/35033785.c,false,10000,61690,61066,true,3000,181239,158486,true,1176,177806,145744,true,987,171617,138824,false,10000,240857,208537,
test/ABC267/A/WA/35033822.c,false,10000,61423,60687,true,5049,195929,173252,true,4688,203610,171194,true,1295,178987,146670,true,1204,174562,142208,
test/ABC267/A/WA/35033889.c,false,10000,61075,60341,true,5416,196949,173890,true,90,166318,134149,true,6370,212674,180094,
test/ABC267/A/WA/35033929.c,false,10000,61069,60328,true,1596,167161,144316,true,709,170504,137930,true,1051,175754,143495,true,5036,204415,172011,
test/ABC267/A/WA/35285812.c,false,10000,87272,85560,true,6053,463222,440120,true,2056,428175,394092,true,3675,446927,412926,false,10000,552012,517580,
test/ABC267/A/WA/35286161.c,false,10000,76461,75299,true,6978,315663,292732,false,10000,398607,364764,false,10000,368226,334136,false,10000,398562,364691,
test/ABC267/A/WA/35526501.c,false,10000,87902,86858,false,10000,190630,167671,false,10000,197285,165309,false,10000,197344,165180,false,10000,198688,166816,
test/ABC267/A/WA/35526593.c,false,10000,78664,77636,false,10000,238308,215339,false,10000,246410,214088,false,10000,248967,216557,false,10000,248429,216440,
test/ABC267/A/WA/35526621.c,false,10000,65788,64771,false,10000,238771,215781,false,10000,247100,214887,false,10000,243315,211042,false,10000,247469,215237,
test/ABC267/A/WA/35531401.c,false,10000,44097,43544,true,5340,118238,95535,false,10000,181954,149896,false,10000,161573,129992,false,10000,162437,130534,
test/ABC267/A/WA/35531425.c,false,10000,44165,43611,false,10000,150771,127946,false,10000,164319,132377,false,10000,149437,117671,false,10000,178634,146897,
test/ABC268/A/WA/34733903.c,false,10000,108894,108109,false,10000,262707,239713,true,5523,222910,190405,false,10000,273735,241149,true,1997,174575,142277,
test/ABC268/A/WA/34734949.c,false,10000,116070,115535,false,10000,215256,192586,false,10000,255477,223164,false,10000,238589,206564,false,10000,243698,211473,
test/ABC268/A/WA/34736605.c,false,10000,150777,150214,false,10000,182381,159499,false,10000,213810,181344,false,10000,197563,165285,false,10000,212033,179569,
test/ABC268/A/WA/34738444.c,
test/ABC268/A/WA/34739384.c,false,10000,113554,112969,true,4212,161137,137885,true,1528,141185,107908,true,263,123766,90258,true,6340,222490,188835,
test/ABC268/A/WA/34739407.c,true,34,10508,10087,true,443,75069,52407,true,313,84453,52726,true,401,85411,53487,true,91,84072,52356,
test/ABC268/A/WA/34742043.c,true,43,5823,5331,true,4536,164169,141349,false,10000,243244,210925,false,10000,250499,218199,true,574,130463,98081,
test/ABC268/A/WA/34742230.c,true,336,24248,23240,true,574,229295,206268,true,550,242463,208634,true,281,239341,205685,true,65,238959,205193,
test/ABC268/A/WA/34742668.c,false,10000,137490,136852,true,137,99940,77231,true,5510,193196,160054,true,992,116472,83272,false,10000,257671,224630,
test/ABC268/A/WA/34742716.c,true,135,9994,9500,false,10000,229922,207153,true,3729,159604,127338,true,4165,171340,139100,true,1691,140318,108256,
test/ABC268/A/WA/34743273.c,false,10000,60650,59915,true,5114,146477,123813,false,10000,207121,174172,true,9966,200422,167452,true,5086,165325,132203,
test/ABC268/A/WA/34743732.c,true,39,22823,21832,true,813,229860,206804,true,221,241515,207598,true,1205,252344,218487,true,985,245252,211132,
test/ABC268/A/WA/34744124.c,false,10000,355263,354633,true,2374,150406,127353,true,4408,202436,169053,true,1602,151427,118039,true,3167,178999,145499,
test/ABC268/A/WA/34744223.c,true,218,23823,22815,true,178,227434,204401,true,63,241173,207355,true,46,238682,204581,true,102,240305,206189,
test/ABC268/A/WA/34744533.c,true,129,22947,21947,true,119,222662,199763,true,135,239018,205314,true,471,239454,205492,
test/ABC268/A/WA/34746077.c,false,10000,152227,151139,false,10000,361619,338580,false,10000,418916,384870,false,10000,382018,347631,false,10000,421317,387291,
test/ABC268/A/WA/34746216.c,false,10000,147918,146798,false,10000,366897,343761,false,10000,415800,381993,false,10000,385779,352144,false,10000,408976,374855,
test/ABC268/A/WA/34747100.c,true,5468,135859,134808,true,5304,292415,269546,true,490,238085,205306,true,992,239799,206733,true,1374,251419,218450,
test/ABC268/A/WA/34747467.c,true,32,20380,19412,true,36,222468,199665,true,34,231546,198834,true,36,233956,201295,true,33,235164,202461,
test/ABC268/A/WA/34749049.c,false,10000,261426,260889,false,10000,176619,153773,false,10000,209448,176901,false,10000,190118,157791,false,10000,216111,183515,
test/ABC268/A/WA/34749829.c,false,10000,259109,258451,false,10000,282673,259733,false,10000,322334,289005,false,10000,292422,259340,false,10000,318713,285579,
test/ABC268/A/WA/34750477.c,false,10000,349556,349008,false,10000,249185,226394,false,10000,282812,250864,false,10000,264076,231729,false,10000,286555,254255,
test/ABC268/A/WA/34751176.c,false,10000,113466,112849,true,3904,137348,114687,true,6288,193279,160342,true,2663,134319,101784,true,8508,226403,193712,
test/ABC268/A/WA/34751535.c,false,10000,107981,107352,true,2639,126712,103955,true,724,112581,79760,true,2387,134952,102022,true,5254,188156,155521,
test/ABC268/A/WA/34752521.c,true,255,27071,26537,true,1146,154303,131408,true,6952,257257,224206,true,300,157466,124354,true,616,159604,126463,
test/ABC268/A/WA/34760507.c,false,10000,146308,145772,true,38,93563,70809,true,1742,125483,93425,true,215,108006,75880,true,6200,197778,165391,
test/ABC268/A/WA/34764944.c,false,10000,50526,49827,false,10000,167414,144569,false,10000,208258,176105,false,10000,185587,153294,false,10000,208349,176317,
test/ABC268/A/WA/34770394.c,true,32,13355,12880,true,32,97598,75012,true,35,107997,75871,true,33,106955,74865,true,38,105207,73068,
test/ABC268/A/WA/34770415.c,true,37,13283,12810,true,34,97633,74990,true,33,103748,71936,true,34,108073,75776,true,34,103779,71520,
test/ABC268/A/WA/34809860.c,false,10000,140539,139948,false,10000,228653,205795,false,10000,258505,226517,true,2941,157882,125640,false,10000,254673,222376,
test/ABC268/A/WA/34842030.c,true,35,13487,13016,true,37,71213,48386,true,35,85727,53786,true,38,80265,48046,true,33,85324,53679,
test/ABC268/A/WA/34852790.c,false,10000,234118,233528,true,93,86507,63819,false,10000,252198,219592,true,832,100896,68456,true,2564,130649,98327,
test/ABC268/A/WA/34897396.c,false,10000,124271,123674,false,10000,241180,218417,false,10000,270367,237903,false,10000,260642,227795,false,10000,270577,237400,
test/ABC268/A/WA/34961248.c,false,10000,53608,53045,false,10000,168514,145838,false,10000,190508,158169,false,10000,178047,145766,false,10000,191212,159037,
test/ABC268/A/WA/34989492.c,false,10000,325082,324504,false,10000,235465,212725,false,10000,255071,222662,false,10000,240766,208671,false,10000,258076,225720,
test/ABC268/A/WA/34989522.c,false,10000,355591,354833,true,956,139934,117075,true,8420,295051,262670,true,435,144698,112349,true,2423,178387,145769,
test/ABC268/A/WA/35063648.c,false,10000,334137,333511,false,10000,247349,224594,false,10000,283740,251059,false,10000,268193,235472,false,10000,285250,252666,
test/ABC268/A/WA/35063709.c,false,10000,305209,304562,false,10000,254941,232066,false,10000,286065,253419,false,10000,272539,239658,false,10000,293719,261114,
test/ABC268/A/WA/35403545.c,false,10000,186236,185682,false,10000,194634,171808,false,10000,235190,202965,false,10000,213898,181514,false,10000,240229,208198,
test/ABC268/A/WA/35406002.c,false,10000,79606,78907,false,10000,236841,213843,false,10000,262350,228535,false,10000,258218,224395,false,10000,263363,229684,
test/ABC268/A/WA/35421407.c,false,10000,97486,96906,true,3786,151676,129005,true,840,124948,92290,true,546,123612,90840,true,1297,135542,102869,
test/ABC268/A/WA/35579277.c,false,10000,396084,395479,false,10000,220952,198331,false,10000,258732,226013,false,10000,246783,213826,false,10000,261822,229028,
test/ABC268/A/WA/35579562.c,false,10000,278902,278347,false,10000,199612,176908,false,10000,239133,206719,false,10000,222544,189751,false,10000,237144,204742,
test/ABC268/A/WA/35584351.c,false,10000,155344,154760,false,10000,227598,204750,false,10000,253141,219666,false,10000,245660,212348,false,10000,255628,222320,
test/ABC268/A/WA/35584677.c,false,10000,363124,362454,false,10000,302964,280011,false,10000,364709,331454,false,10000,332446,299152,false,10000,351356,317878,
test/ABC268/A/WA/35584799.c,false,10000,133284,132630,false,10000,216228,193374,false,10000,230183,196496,false,10000,221104,187534,false,10000,232781,199268,
test/ABC268/A/WA/35585114.c,false,10000,188512,187904,false,10000,232759,209994,false,10000,276256,243533,false,10000,250876,218016,false,10000,265537,232930,
test/ABC268/A/WA/35585128.c,false,10000,187639,187067,false,10000,219201,196202,false,10000,266643,234102,false,10000,242606,210281,false,10000,264077,231371,
test/ABC268/A/WA/35585228.c,false,10000,193790,193184,false,10000,232026,209194,false,10000,276729,244225,false,10000,255601,222682,false,10000,264886,232182,
test/ABC269/A/WA/34921869.c,false,10000,68447,67939,true,7351,123857,101238,true,716,51676,19989,true,428,47216,15822,true,1548,61555,29921,
test/ABC269/A/WA/34922833.c,false,10000,67236,66741,true,580,44199,21448,true,467,49166,17389,true,113,46211,14958,true,224,48800,17336,
test/ABC269/A/WA/34923443.c,false,10000,68755,68221,false,10000,246487,223583,false,10000,243586,211633,false,10000,266621,234681,false,10000,241601,209789,
test/ABC269/A/WA/34926057.c,false,10000,50143,49643,false,10000,157912,135190,false,10000,165012,133335,false,10000,166086,134670,false,10000,183020,151243,
test/ABC269/A/WA/34927044.c,false,10000,68155,67653,false,10000,155044,132226,false,10000,165414,133626,false,10000,151132,119312,false,10000,169562,137633,
test/ABC269/A/WA/34927454.c,false,10000,65225,64717,false,10000,154711,131812,false,10000,154521,122632,false,10000,159693,128191,false,10000,153552,121600,
test/ABC269/A/WA/34928256.c,false,10000,81756,80778,false,10000,167051,144196,false,10000,177311,145600,false,10000,191786,159651,false,10000,192547,160631,
test/ABC269/A/WA/34929189.c,false,10000,66280,65764,false,10000,157120,134290,false,10000,164710,132696,false,10000,159170,127378,false,10000,175541,143939,
test/ABC269/A/WA/34929225.c,false,10000,50720,50226,false,10000,148754,125892,false,10000,156382,124677,false,10000,140761,108987,false,10000,152732,121223,
test/ABC269/A/WA/34929352.c,false,10000,79511,78553,false,10000,198232,175175,false,10000,205722,173472,false,10000,212151,180187,false,10000,217165,184827,
test/ABC269/A/WA/34930334.c,false,10000,50257,49807,false,10000,153344,130631,false,10000,154459,122678,false,10000,159280,127401,false,10000,150657,118835,
test/ABC269/A/WA/34931004.c,false,10000,66881,66366,false,10000,146481,123563,false,10000,171982,140403,false,10000,164277,132782,false,10000,170425,138447,
test/ABC269/A/WA/34931904.c,false,10000,67281,66783,false,10000,150708,128036,false,10000,164920,132851,false,10000,167131,135391,
test/ABC269/A/WA/34932100.c,false,10000,50820,50331,true,678,44335,21667,true,1654,62221,30909,true,265,48798,17157,true,136,47700,16199,
test/ABC269/A/WA/34939011.c,
test/ABC269/A/WA/34939742.c,
test/ABC269/A/WA/34941652.c,false,10000,136179,134101,false,10000,977402,953894,false,10000,1050286,1014765,false,10000,1001085,965595,false,10000,1069002,1033298,
test/ABC269/A/WA/34942145.c,
test/ABC269/A/WA/34942367.c,
test/ABC269/A/WA/34942828.c,
test/ABC269/A/WA/34945587.c,false,10000,54222,53834,false,10000,91943,69268,false,10000,89601,58168,false,10000,95465,63986,false,10000,86653,55006,
test/ABC269/A/WA/34946593.c,false,10000,54289,53796,false,10000,151725,129021,false,10000,162930,131122,false,10000,154504,123030,false,10000,167427,135890,
test/ABC269/A/WA/34946811.c,false,10000,46897,46393,false,10000,90981,68394,false,10000,88484,56981,false,10000,97019,65468,false,10000,87657,55972,
test/ABC269/A/WA/34948000.c,false,10000,61840,61303,true,9506,172519,149796,false,10000,176027,144163,true,137,71323,39318,true,6580,132596,100474,
test/ABC269/A/WA/34948044.c,
test/ABC269/A/WA/34951502.c,false,10000,264666,264114,false,10000,318246,295407,false,10000,341251,307844,false,10000,331623,298284,false,10000,340366,306970,
test/ABC269/A/WA/34958815.c,false,10000,64174,63676,false,10000,154155,131235,false,10000,175165,143611,false,10000,145118,113480,false,10000,159196,127599,
test/ABC269/A/WA/34958981.c,false,10000,63619,63107,false,10000,152956,130264,false,10000,161091,129388,false,10000,171311,139460,false,10000,159986,128204,
test/ABC269/A/WA/34961168.c,false,10000,69064,68561,true,7087,116801,94145,true,4478,94423,62524,false,10000,164335,132653,false,10000,169295,137770,
test/ABC269/A/WA/34971958.c,false,10000,268062,267332,false,10000,347679,324800,false,10000,372930,338481,false,10000,366282,332088,false,10000,377506,342882,
test/ABC269/A/WA/34977707.c,false,10000,75599,75078,false,10000,136254,113420,false,10000,181623,149997,false,10000,161049,129450,false,10000,172195,140779,
test/ABC269/A/WA/34983057.c,false,10000,69478,68988,true,3426,71732,48846,false,10000,165979,134259,false,10000,154623,123214,false,10000,165657,133870,
test/ABC269/A/WA/35008595.c,false,10000,69131,68635,false,10000,157778,134970,false,10000,175091,143546,false,10000,159507,127865,false,10000,169988,138598,
test/ABC269/A/WA/35016355.c,false,10000,68817,68326,false,10000,145796,122961,false,10000,177830,146318,false,10000,146316,114769,false,10000,159059,127145,
test/ABC269/A/WA/35016383.c,false,10000,68621,68111,false,10000,151048,128380,false,10000,160267,128657,false,10000,147405,116164,false,10000,147609,116007,
test/ABC269/A/WA/35016424.c,false,10000,63341,62846,false,10000,149423,126672,false,10000,166139,134261,false,10000,159017,127272,false,10000,170705,139083,
test/ABC269/A/WA/35023811.c,false,10000,75102,74590,false,10000,151088,128211,false,10000,162192,130563,false,10000,162555,130939,false,10000,173273,141561,
test/ABC269/A/WA/35023822.c,false,10000,75266,74748,false,10000,138461,115605,false,10000,164109,132397,false,10000,166136,134702,false,10000,165776,134289,
test/ABC269/A/WA/35023833.c,false,10000,75036,74558,false,10000,160327,137315,false,10000,169942,138432,false,10000,151872,120503,false,10000,174321,142626,
test/ABC269/A/WA/35023836.c,false,10000,72975,72487,false,10000,156878,134119,false,10000,170685,139124,false,10000,163175,131345,false,10000,163341,132137,
test/ABC269/A/WA/35030565.c,false,10000,74811,74302,false,10000,153231,130585,false,10000,180458,148976,false,10000,154156,122709,false,10000,185619,153959,
test/ABC269/A/WA/35030610.c,false,10000,75102,74617,false,10000,145981,123229,false,10000,180023,147953,false,10000,157200,125614,false,10000,169528,137947,
test/ABC269/A/WA/35030628.c,false,10000,75815,75322,false,10000,148860,126258,false,10000,165779,134147,false,10000,176371,144734,
test/ABC269/A/WA/35030643.c,false,10000,75596,75099,false,10000,153221,130295,false,10000,176385,144860,true,3833,84254,52413,false,10000,185092,153641,
test/ABC269/A/WA/35041696.c,
test/ABC269/A/WA/35045655.c,false,10000,68552,68100,false,10000,152651,129905,false,10000,148392,116942,false,10000,158265,126600,false,10000,163505,131662,
test/ABC269/A/WA/35045680.c,
test/ABC269/A/WA/35045769.c,false,10000,65114,64653,true,6900,109267,86508,true,310,48371,16725,true,72,47659,15822,true,1645,66758,35029,
test/ABC269/A/WA/35045796.c,false,10000,51961,51462,false,10000,145235,122554,false,10000,147890,116282,false,10000,148153,116428,false,10000,135258,103410,
test/ABC269/A/WA/35045902.c,false,10000,64461,63957,false,10000,142504,119672,false,10000,143874,112501,false,10000,155791,124010,false,10000,157280,125632,
test/ABC269/A/WA/35045916.c,false,10000,65155,64661,false,10000,148311,125688,false,10000,149009,117187,false,10000,172985,140961,false,10000,153113,121399,
test/ABC269/A/WA/35046063.c,false,10000,48425,47945,false,10000,152924,130149,false,10000,162561,131228,false,10000,147019,115194,false,10000,158785,127343,
test/ABC269/A/WA/35046082.c,false,10000,48678,48202,false,10000,146392,123589,false,10000,167535,135963,false,10000,164340,132842,false,10000,155189,123877,
test/ABC269/A/WA/35046247.c,false,10000,69322,68827,true,2347,62305,39677,true,212,49232,17390,true,569,53190,22033,true,282,48347,16749,
test/ABC269/A/WA/35062760.c,false,10000,67256,66750,true,799,45347,22693,true,2678,78392,46951,true,979,54321,22649,false,10000,163481,131727,
test/ABC269/A/WA/35062776.c,false,10000,66089,65578,true,3615,79383,56555,false,10000,162123,130464,true,150,46811,15328,true,511,48527,16866,
test/ABC269/A/WA/35062823.c,false,10000,66796,66295,true,4785,90026,67356,true,4618,89555,57575,true,415,51950,20174,true,4769,100155,68287,
test/ABC269/A/WA/35062861.c,false,10000,66223,65707,true,3570,75824,53026,false,10000,149433,117587,true,5086,104040,72219,false,10000,179216,147485,
test/ABC269/A/WA/35062908.c,false,10000,65639,65130,false,10000,146724,123905,false,10000,152774,120994,false,10000,156148,124590,false,10000,154115,122672,
test/ABC269/A/WA/35062924.c,false,10000,64942,64506,false,10000,154071,131222,false,10000,163431,131896,false,10000,154823,123017,false,10000,158886,127366,
test/ABC269/A/WA/35062966.c,
test/ABC269/A/WA/35063348.c,false,10000,62353,61819,true,4952,98764,75929,false,10000,157745,125765,true,422,62737,30993,true,6367,128722,96618,
test/ABC269/A/WA/35063396.c,false,10000,65608,65097,true,717,42630,20045,true,1513,68158,36253,true,2250,72505,40929,true,6824,117029,85353,
test/ABC269/A/WA/35063446.c,false,10000,63928,63422,true,229,43363,20583,true,419,49287,17593,true,2346,73396,41421,false,10000,160508,128588,
test/ABC269/A/WA/35063464.c,false,10000,64664,64159,true,266,43595,20800,true,98,47177,15695,true,1432,61124,29387,true,8098,149081,116848,
test/ABC269/A/WA/35063561.c,false,10000,64129,63625,true,400,41271,18349,true,490,53142,21689,true,1198,59894,28221,true,4654,98682,66778,
test/ABC269/A/WA/35063650.c,false,10000,63573,63062,false,10000,133380,110631,false,10000,125258,94104,false,10000,130373,99235,false,10000,120192,88878,
test/ABC269/A/WA/35063720.c,false,10000,65230,64740,false,10000,137617,114824,false,10000,125720,94418,false,10000,124712,93281,false,10000,130505,99103,
test/ABC269/A/WA/35063893.c,false,10000,60900,60408,false,10000,153849,131113,false,10000,149837,118098,false,10000,168051,136438,false,10000,169121,137464,
test/ABC269/A/WA/35064636.c,false,10000,64540,64029,true,784,44705,22281,true,653,53622,21805,true,1918,62578,31119,true,1160,63061,31265,
test/ABC269/A/WA/35085600.c,false,10000,68572,68082,true,4694,89799,67098,true,1555,62597,30888,true,1856,64459,32623,true,1120,61710,30026,
test/ABC269/A/WA/35166735.c,false,10000,75836,75320,false,10000,149158,126562,false,10000,162251,130819,false,10000,161706,130225,false,10000,179900,148115,
test/ABC269/A/WA/35193460.c,false,10000,143037,142463,false,10000,200291,177460,false,10000,185042,152646,false,10000,205082,172554,false,10000,196734,164096,
test/ABC269/A/WA/35193524.c,false,10000,140726,140129,false,10000,193254,170590,false,10000,185462,153008,false,10000,210615,178063,false,10000,186900,154283,
test/ABC269/A/WA/35193568.c,false,10000,142813,142234,false,10000,198144,175314,false,10000,183493,151179,false,10000,195560,162999,false,10000,192500,159769,
test/ABC269/A/WA/35193586.c,false,10000,140108,139551,false,10000,186147,163310,false,10000,188052,155489,false,10000,204489,171864,false,10000,186133,153425,
test/ABC269/A/WA/35199620.c,false,10000,143371,142802,false,10000,194495,171647,false,10000,189729,157057,false,10000,192199,159483,false,10000,184307,151855,
test/ABC269/A/WA/35199633.c,false,10000,142260,141690,false,10000,199108,176261,false,10000,183441,151006,false,10000,201739,169187,false,10000,183039,150508,
test/ABC269/A/WA/35199669.c,false,10000,149805,149237,false,10000,194034,171329,false,10000,189823,157262,false,10000,209360,176872,false,10000,192997,160153,
test/ABC269/A/WA/35199690.c,false,10000,141592,141025,false,10000,189245,166683,false,10000,182065,149349,false,10000,206403,173745,false,10000,185655,153018,
test/ABC269/A/WA/35242382.c,true,44,8422,7952,true,57,36755,14138,true,57,47772,15981,true,35,47867,16068,true,47,47025,15379,
test/ABC269/A/WA/35242390.c,true,39,8686,8223,true,54,36745,14112,true,50,47382,15551,true,42,45587,14088,true,38,47482,15808,
test/ABC269/A/WA/35354102.c,true,36,8698,8236,true,36,36301,13633,true,45,46651,14965,true,33,46044,14102,true,32,48001,16100,
test/ABC269/A/WA/35356573.c,false,10000,65590,65130,false,10000,152841,130168,false,10000,137060,105498,false,10000,156724,125274,
test/ABC269/A/WA/35370152.c,false,10000,123018,122409,false,10000,235497,212621,false,10000,255453,222801,false,10000,244540,211745,false,10000,256705,223945,
test/ABC269/A/WA/35380772.c,false,10000,55086,54611,false,10000,138729,116004,false,10000,172875,141159,false,10000,156178,124511,false,10000,166293,134334,
test/ABC270/A/WA/35093281.c,false,10000,83806,81725,false,10000,699883,676566,false,10000,760833,726068,false,10000,723813,689090,false,10000,759098,724744,
test/ABC270/A/WA/35094867.c,false,10000,62287,61733,true,550,85476,62836,true,437,98903,67074,true,431,98062,66009,true,948,97817,65888,
test/ABC270/A/WA/35096720.c,false,10000,62980,62445,true,403,82673,59861,true,2709,121124,89551,true,4111,140149,108357,
test/ABC270/A/WA/35098023.c,false,10000,68114,67517,true,726,106639,84139,true,2437,138213,106142,true,360,116230,84115,true,694,120229,88305,
test/ABC270/A/WA/35100502.c,true,36,7691,5714,true,36,1321633,1298164,true,38,1338127,1300861,true,39,1335212,1297877,true,35,1339956,1302921,
test/ABC270/A/WA/35101886.c,false,10000,67696,66893,true,989,377362,354653,true,528,387382,351914,true,455,390058,354887,true,1825,406647,371285,
test/ABC270/A/WA/35102079.c,false,10000,137847,136940,true,221,363063,340269,true,9993,538484,503210,true,227,378356,343159,true,2096,408406,373200,
test/ABC270/A/WA/35103589.c,false,10000,58760,58201,true,633,74385,51668,true,6732,164070,131874,true,5556,141472,109275,true,806,89771,57661,
test/ABC270/A/WA/35104850.c,true,36,4755,4140,true,34,366699,343837,true,32,382143,346821,true,32,382869,347604,true,34,391941,356583,
test/ABC270/A/WA/35106280.c,true,32,1863,1336,true,33,105674,83147,true,33,118333,85021,true,33,117468,84086,true,32,118470,85009,
test/ABC270/A/WA/35109016.c,true,32,14414,13847,true,33,195373,172764,true,34,216162,181921,true,32,210456,176176,true,33,208563,174249,
test/ABC270/A/WA/35109239.c,false,10000,72919,72112,false,10000,212814,189781,false,10000,227685,194388,false,10000,198331,164795,false,10000,240250,206788,
test/ABC270/A/WA/35109655.c,false,10000,99918,98868,false,10000,1105680,1082363,false,10000,1095727,1056593,false,10000,1135276,1096034,false,10000,1098775,1059537,
test/ABC270/A/WA/35110132.c,false,10000,79091,78425,true,3413,123005,100499,true,2124,123623,90366,true,6071,168087,135047,true,767,111701,78765,
test/ABC270/A/WA/35110676.c,false,10000,100352,99318,true,205,994873,971921,true,1611,1039613,1001024,true,366,1021035,982319,true,513,1023079,984596,
test/ABC270/A/WA/35111727.c,false,10000,122527,121845,false,10000,324145,301128,false,10000,340599,305818,true,3498,250548,216156,false,10000,344327,309855,
test/ABC270/A/WA/35111833.c,false,10000,108954,107798,true,8815,1246370,1222936,false,10000,1235603,1195454,false,10000,1253514,1213323,false,10000,1229643,1189646,
test/ABC270/A/WA/35115845.c,false,10000,129824,129007,true,640,241485,218581,true,3466,299554,265231,true,406,254201,219907,true,6107,341484,306950,
test/ABC270/A/WA/35116443.c,true,32,32942,32386,true,32,92709,69122,true,32,103377,70173,true,36,103920,70123,true,32,106557,73161,
test/ABC270/A/WA/35116976.c,true,37,41019,40277,true,32,240319,217498,true,32,253703,219236,true,33,254322,219657,true,33,254700,220376,
test/ABC270/A/WA/35117346.c,true,32,34744,34177,true,34,92874,69935,true,32,104796,71276,true,33,103099,69711,true,33,103777,70227,
test/ABC270/A/WA/35122159.c,false,10000,136649,135887,false,10000,305294,282245,false,10000,346082,310739,false,10000,332074,296463,false,10000,335182,299906,
test/ABC270/A/WA/35125007.c,
test/ABC270/A/WA/35127323.c,false,10000,106064,104975,false,10000,1109513,1085932,false,10000,1104043,1063988,false,10000,1151781,1111334,false,10000,1102043,1062070,
test/ABC270/A/WA/35128186.c,false,10000,123664,121942,true,697,1335262,1311883,true,5386,1412695,1376497,true,2230,1361198,1324892,false,10000,1471821,1435389,
test/ABC270/A/WA/35131148.c,true,33,3891,3338,true,35,254645,231788,true,33,267146,233241,true,33,269060,235210,true,32,271429,237443,
test/ABC270/A/WA/35132472.c,true,33,3538,2966,true,32,262460,239677,true,33,277987,243887,true,35,278686,244486,true,32,276585,242563,
test/ABC270/A/WA/35133982.c,false,10000,196003,195425,true,3231,151876,129278,false,10000,315273,282844,false,10000,284976,252271,false,10000,308177,275520,
test/ABC270/A/WA/35134517.c,false,10000,92449,91785,false,10000,333472,310722,false,10000,361779,328209,true,4640,285544,252283,true,8974,350557,317072,
test/ABC270/A/WA/35135605.c,true,33,4181,3588,true,33,332182,309406,true,33,349479,314846,true,36,345954,310988,true,35,346507,312023,
test/ABC270/A/WA/35135653.c,false,10000,176538,175105,true,2346,721856,698662,true,1488,729655,695929,true,1489,731829,698012,true,5364,787925,753833,
test/ABC270/A/WA/35141484.c,false,10000,75910,75371,true,3852,121701,98769,false,10000,212668,180961,true,4382,139587,107924,true,2579,118378,86639,
test/ABC270/A/WA/35141666.c,true,32,13768,13312,true,32,80138,57469,true,33,90859,59306,true,39,90631,59197,true,32,91332,59417,
test/ABC270/A/WA/35142188.c,false,10000,103649,102620,true,8868,261200,238522,true,3273,209154,176773,true,2360,193553,161356,true,5704,233366,201221,
test/ABC270/A/WA/35144147.c,true,32,10273,9829,true,32,47556,24738,true,32,57189,25620,true,33,56650,25207,true,35,58217,26777,
test/ABC270/A/WA/35144875.c,true,34,7713,7187,true,32,163265,140515,true,35,175199,141823,true,32,170562,137115,true,33,170111,136665,
test/ABC270/A/WA/35144974.c,true,32,7741,7214,true,34,164065,141246,true,33,169006,135909,true,32,175770,142451,true,37,169631,136233,
test/ABC270/A/WA/35144995.c,true,38,24278,23750,true,37,113963,91140,true,34,124061,91533,true,33,124470,91538,true,33,126132,93234,
test/ABC270/A/WA/35145177.c,false,10000,206960,206304,true,1608,159994,137194,false,10000,307453,274029,false,10000,296664,263454,false,10000,311293,277840,
test/ABC270/A/WA/35145245.c,false,10000,209988,209340,false,10000,291649,268720,false,10000,322724,289074,false,10000,309435,275884,false,10000,335269,301504,
test/ABC270/A/WA/35145410.c,true,33,7062,6613,true,32,47378,24549,true,32,57052,25823,true,32,55894,24666,true,32,57993,26172,
test/ABC270/A/WA/35147761.c,false,10000,105184,104180,true,4032,201183,178198,true,3039,212398,179751,true,2694,195056,162916,false,10000,318336,285757,
test/ABC270/A/WA/35170791.c,false,10000,186135,185048,true,3962,542296,519361,false,10000,612207,575381,false,10000,629438,593003,false,10000,610299,573749,
test/ABC270/A/WA/35175169.c,true,32,36578,35986,true,33,291308,268625,true,35,305642,271962,true,34,306783,273023,true,33,305117,271265,
test/ABC270/A/WA/35175189.c,true,33,37280,36694,true,36,292838,270161,true,32,308086,273988,true,33,306728,273009,true,32,306744,272731,
test/ABC270/A/WA/35175234.c,true,43,36244,35674,true,34,292224,269462,true,32,304365,270508,true,35,303823,269988,true,37,308187,274274,
test/ABC270/A/WA/35175283.c,false,10000,60704,60165,true,798,67939,45296,true,881,78095,46066,true,690,73145,40957,true,2264,97995,65950,
test/ABC270/A/WA/35175458.c,true,38,70826,70100,true,34,468381,445516,true,32,486842,450887,true,35,492589,456644,true,39,488615,452934,
test/ABC270/A/WA/35175479.c,true,34,71719,71028,true,32,470442,447676,true,32,485855,450007,true,33,487117,451210,true,35,495178,459100,
test/ABC270/A/WA/35175531.c,true,36,81356,80600,true,32,515319,492452,true,37,530610,494127,true,35,531938,495616,true,34,535021,498566,
test/ABC270/A/WA/35175553.c,true,32,79758,79124,true,33,513378,490586,true,32,531027,494746,true,37,531115,494975,true,38,533649,496990,
test/ABC270/A/WA/35175667.c,false,10000,63676,63195,true,4927,85360,62562,false,10000,151623,120236,true,7823,127493,96163,false,10000,156820,125360,
test/ABC270/A/WA/35175881.c,true,35,128485,127597,true,32,695389,672373,true,34,710920,672757,true,34,716196,677920,true,35,717420,678979,
test/ABC270/A/WA/35175960.c,false,10000,260143,258883,true,2000,712724,689652,true,75,712126,673620,true,3443,750220,711586,true,1676,727092,688506,
test/ABC270/A/WA/35176185.c,false,10000,507702,506011,true,5660,1159325,1135134,false,10000,1207403,1164157,false,10000,1231853,1188833,false,10000,1212623,1169018,
test/ABC270/A/WA/35176694.c,false,10000,443580,441987,true,9771,1119582,1095839,false,10000,1117724,1075847,false,10000,1146211,1103926,false,10000,1130137,1088199,
test/ABC270/A/WA/35193573.c,true,35,12899,12438,true,36,58651,35969,true,33,68309,36698,true,32,68084,36500,true,35,69885,38227,
test/ABC270/A/WA/35193667.c,true,742,26046,25555,true,471,87137,64735,true,2331,118767,86542,true,5710,152937,120627,true,5202,153348,121366,
test/ABC270/A/WA/35194307.c,true,43,36724,36184,true,36,153286,130607,true,33,159667,126825,true,34,158336,125530,true,32,158233,125451,
test/ABC270/A/WA/35196738.c,false,10000,63586,62783,false,10000,423535,400669,false,10000,409819,375081,false,10000,420609,386073,false,10000,421900,386830,
test/ABC270/A/WA/35196847.c,false,10000,64333,63514,false,10000,398878,375773,false,10000,434944,400265,false,10000,422431,387731,false,10000,428724,393956,
test/ABC270/A/WA/35196856.c,false,10000,62834,62136,false,10000,397382,374375,false,10000,410369,375841,false,10000,423214,388520,false,10000,425217,390380,
test/ABC270/A/WA/35197009.c,false,10000,62709,61933,false,10000,405976,382988,true,8905,416520,381738,true,384,315159,280665,true,5527,365910,331526,
test/ABC270/A/WA/35197374.c,false,10000,89844,88868,false,10000,207048,183950,false,10000,240323,208027,false,10000,216729,184630,false,10000,231918,199619,
test/ABC270/A/WA/35197533.c,false,10000,91405,90407,true,522,94832,72299,false,10000,227147,194910,false,10000,221866,189657,false,10000,254100,221927,
test/ABC270/A/WA/35225367.c,false,10000,49952,49315,true,5798,170787,148049,false,10000,226997,193830,false,10000,231384,197911,true,8811,215222,182032,
test/ABC270/A/WA/35242327.c,false,10000,200370,199154,false,10000,439795,416778,false,10000,456028,422844,false,10000,455903,422599,false,10000,457932,424582,
test/ABC270/A/WA/35243072.c,true,360,9037,8363,true,375,214695,192029,true,2381,252637,219770,true,177,224381,191683,true,929,229174,196174,
test/ABC270/A/WA/35331397.c,false,10000,127877,126993,false,10000,327355,304289,false,10000,354111,317916,false,10000,354475,318142,false,10000,367160,330301,
test/ABC270/A/WA/35331741.c,false,10000,129269,128390,true,8200,310105,287228,false,10000,335962,299434,false,10000,343125,306545,false,10000,338132,301562,
test/ABC270/A/WA/35360792.c,false,10000,65482,64967,true,7404,125332,102594,false,10000,183330,151620,false,10000,168374,136944,false,10000,159927,128469,
test/ABC270/A/WA/35363347.c,true,32,10918,10461,true,32,58235,35841,true,34,68572,37211,true,32,68431,36924,true,33,68949,37504,
test/ABC270/A/WA/35363373.c,true,35,13240,12769,true,32,80129,57709,true,33,90301,59056,true,32,89536,58064,true,33,90542,59163,
test/ABC270/A/WA/35363392.c,true,40,15133,14648,true,34,102037,79383,true,32,113387,81810,true,33,111992,80198,true,38,113613,81694,
test/ABC270/A/WA/35374688.c,false,10000,96211,95503,false,10000,325876,302827,false,10000,366662,333049,false,10000,354996,321381,false,10000,364059,330239,
test/ABC270/A/WA/35379636.c,false,10000,82405,81616,true,6529,235311,212383,false,10000,310788,274863,false,10000,307324,271304,false,10000,319632,283693,
test/ABC270/A/WA/35379694.c,false,10000,99127,98280,false,10000,286781,263767,false,10000,306935,270920,false,10000,306060,270221,false,10000,314052,278316,
test/ABC270/A/WA/35379768.c,false,10000,103208,102431,true,647,149133,126391,false,10000,310386,274464,true,89,158243,122572,true,1394,177249,141438,
test/ABC270/A/WA/35390794.c,false,10000,69436,68933,false,10000,167016,144357,false,10000,196930,164868,false,10000,176154,144590,false,10000,185164,153446,
test/ABC270/A/WA/35390804.c,false,10000,69682,69181,false,10000,156739,134002,false,10000,184430,152652,false,10000,181845,150062,false,10000,175831,144069,
test/ABC270/A/WA/35391515.c,false,10000,90266,89672,false,10000,191150,168477,false,10000,225981,192873,false,10000,211746,178942,false,10000,216427,183354,
test/ABC270/A/WA/35391564.c,false,10000,84659,84107,true,7274,157199,134519,true,7476,193656,161321,true,1853,109452,76996,true,4656,144417,112253,
test/ABC270/A/WA/35391619.c,false,10000,82570,82003,true,322,81929,59379,false,10000,201345,169049,true,1987,110162,78256,true,5323,144317,111822,
test/ABC270/A/WA/35391674.c,false,10000,89468,88862,true,3180,135051,112497,true,860,123684,91251,true,1403,125862,93163,true,8654,221258,188493,
test/ABC270/A/WA/35391719.c,false,10000,88485,87909,true,3362,136729,114009,true,2393,141104,108731,false,10000,221894,189242,false,10000,229867,197158,
test/ABC270/A/WA/35392085.c,false,10000,125973,125225,false,10000,293188,269940,false,10000,322352,288207,false,10000,300190,266077,false,10000,293265,259072,
test/ABC270/A/WA/35392545.c,false,10000,156063,155226,true,774,232381,209674,true,1404,259888,224715,true,338,247665,212305,false,10000,352618,317027,
test/ABC270/A/WA/35392725.c,false,10000,168266,167385,true,2000,262581,239781,true,596,269451,233769,true,5851,330360,294735,true,9661,376747,341132,
test/ABC270/A/WA/35393227.c,false,10000,164571,163660,true,2069,271950,249212,false,10000,384267,348148,true,5753,328645,292709,true,6896,351753,315972,
test/ABC270/A/WA/35393416.c,false,10000,172336,171404,false,10000,352631,329857,false,10000,371111,334877,false,10000,374907,338801,false,10000,369559,333683,
test/ABC270/A/WA/35400031.c,false,10000,62309,61545,false,10000,310249,287471,false,10000,317811,283509,false,10000,333172,299053,false,10000,316650,282701,
test/ABC270/A/WA/35400098.c,false,10000,49082,48386,true,6264,250735,227827,true,2091,193837,160142,true,4330,234573,200472,true,7592,275055,241212,
test/ABC270/A/WA/35428708.c,false,10000,60800,60050,true,9478,282916,260097,true,1101,204071,169656,false,10000,299849,265753,false,10000,306191,272368,
test/ABC270/A/WA/35428795.c,false,10000,60203,59397,false,10000,277703,254623,false,10000,290032,256029,
test/ABC270/A/WA/35441320.c,
test/ABC270/A/WA/35441475.c,
test/ABC270/A/WA/35441495.c,
test/ABC270/A/WA/35441502.c,
test/ABC270/A/WA/35441520.c,
test/ABC270/A/WA/35441533.c,
test/ABC270/A/WA/35441601.c,
test/ABC270/A/WA/35441628.c,
test/ABC270/A/WA/35441668.c,
test/ABC270/A/WA/35442503.c,
test/ABC270/A/WA/35446810.c,
test/ABC271/A/WA/35271753.c,false,10000,65799,65407,true,8451,136130,113295,false,10000,149092,118028,true,5432,103333,72357,false,10000,159805,128593,
test/ABC271/A/WA/35272930.c,false,10000,65873,65399,false,10000,155338,132597,false,10000,156798,125591,true,2526,66220,34896,false,10000,155526,124276,
test/ABC271/A/WA/35273196.c,false,10000,61252,60772,true,473,38960,16343,true,485,48495,17353,true,60,46037,14667,true,79,47207,15832,
test/ABC271/A/WA/35274447.c,false,10000,68359,67874,true,509,44536,21844,true,6453,118953,87626,true,2874,67505,36307,true,854,49285,18340,
test/ABC271/A/WA/35274469.c,false,10000,76610,76048,true,5626,139925,117245,false,10000,213606,181644,false,10000,192306,159842,false,10000,200810,168443,
test/ABC271/A/WA/35275418.c,false,10000,65074,64638,true,6678,123031,100429,false,10000,171986,140611,true,2416,70611,39441,false,10000,177592,146380,
test/ABC271/A/WA/35275433.c,false,10000,70237,68345,false,10000,175223,151791,false,10000,227149,194795,false,10000,178087,145782,false,10000,227558,195282,
test/ABC271/A/WA/35277011.c,false,10000,64260,63790,true,588,38988,16506,false,10000,144911,113221,false,10000,177586,146318,false,10000,148613,117430,
test/ABC271/A/WA/35278230.c,false,10000,54907,54152,false,10000,322390,299524,false,10000,295558,261870,false,10000,314501,280355,false,10000,300884,267210,
test/ABC271/A/WA/35278739.c,false,10000,48025,47564,true,366,44661,21903,false,10000,154225,123269,true,291,46304,15133,false,10000,172800,141660,
test/ABC271/A/WA/35278802.c,false,10000,66531,65851,false,10000,168416,145400,false,10000,192464,160281,false,10000,187148,154853,false,10000,195721,163578,
test/ABC271/A/WA/35279726.c,
test/ABC271/A/WA/35280357.c,false,10000,78215,77324,false,10000,197690,174469,true,5277,148755,116894,true,47,57249,25587,false,10000,217498,185719,
test/ABC271/A/WA/35281225.c,false,10000,65383,64901,true,652,39444,16752,false,10000,177750,146567,true,3522,92751,61768,false,10000,175501,144346,
test/ABC271/A/WA/35281322.c,false,10000,78577,77826,false,10000,234197,211402,false,10000,265962,233018,false,10000,243590,210968,false,10000,253806,221080,
test/ABC271/A/WA/35282035.c,false,10000,22474,21959,false,10000,105346,82605,false,10000,137547,105418,false,10000,105467,73679,false,10000,113377,80905,
test/ABC271/A/WA/35282563.c,false,10000,97356,96790,true,4036,137680,115027,false,10000,235036,202529,false,10000,237689,205461,false,10000,261198,228757,
test/ABC271/A/WA/35282687.c,false,10000,22306,21795,false,10000,110295,87557,false,10000,100988,69061,false,10000,102679,71115,false,10000,128721,96973,
test/ABC271/A/WA/35283368.c,false,10000,117059,116505,true,4385,148665,125808,false,10000,245243,213323,true,4520,160010,127797,false,10000,243241,210809,
test/ABC271/A/WA/35283446.c,false,10000,90175,89594,false,10000,115583,92808,false,10000,148234,115991,false,10000,129528,97338,false,10000,149904,117400,
test/ABC271/A/WA/35284163.c,false,10000,105281,104716,false,10000,117320,94532,false,10000,167848,135666,false,10000,145497,113249,false,10000,162394,129891,
test/ABC271/A/WA/35285760.c,false,10000,61108,59967,false,10000,379498,356397,false,10000,411507,377931,false,10000,398070,364636,false,10000,414269,380711,
test/ABC271/A/WA/35286041.c,false,10000,289156,288084,false,10000,336218,313220,false,10000,365229,331867,false,10000,354361,321066,false,10000,382040,348806,
test/ABC271/A/WA/35286213.c,false,10000,84240,83489,false,10000,169658,146170,false,10000,197858,165266,false,10000,175619,143279,false,10000,190952,158483,
test/ABC271/A/WA/35286559.c,false,10000,105237,104662,false,10000,160912,138149,false,10000,165501,133168,false,10000,167888,135372,false,10000,189582,157263,
test/ABC271/A/WA/35287447.c,false,10000,75655,74922,false,10000,282131,259158,false,10000,263354,229869,false,10000,321009,287459,false,10000,261871,228324,
test/ABC271/A/WA/35287723.c,false,10000,109337,108855,false,10000,133430,110452,false,10000,152839,121003,false,10000,144175,111755,false,10000,165951,133624,
test/ABC271/A/WA/35287802.c,true,926,8250,7763,false,10000,138146,115306,true,169,104632,72287,true,95,103627,71406,true,4316,126094,93698,
test/ABC271/A/WA/35288807.c,false,10000,48285,47818,true,997,47555,24926,false,10000,157276,126266,true,5737,116223,85172,false,10000,157199,126257,
test/ABC271/A/WA/35288898.c,false,10000,69207,68748,true,669,52595,30031,true,1525,70046,38587,true,302,56772,25642,true,161,58901,27520,
test/ABC271/A/WA/35290223.c,false,10000,64102,63666,true,129,37228,14644,false,10000,199135,167504,false,10000,193346,162168,false,10000,194706,163154,
test/ABC271/A/WA/35290937.c,false,10000,70459,69326,false,10000,574584,551153,false,10000,602136,562461,false,10000,608101,568742,false,10000,602191,562739,
test/ABC271/A/WA/35291227.c,false,10000,65582,65116,true,2295,70379,47843,false,10000,145687,114580,true,354,46718,15691,false,10000,178290,147234,
test/ABC271/A/WA/35291868.c,false,10000,65958,65476,false,10000,170833,147851,false,10000,190786,159542,false,10000,184100,152641,false,10000,193516,162292,
test/ABC271/A/WA/35293994.c,false,10000,104286,103734,false,10000,127154,104444,false,10000,155187,123195,false,10000,128182,95818,false,10000,168278,135999,
test/ABC271/A/WA/35297955.c,false,10000,65927,65449,true,1133,58267,35866,false,10000,202754,171590,false,10000,187146,155997,false,10000,206972,175520,
test/ABC271/A/WA/35298251.c,false,10000,97564,96984,false,10000,140842,117976,false,10000,144671,112297,false,10000,121705,89130,false,10000,166865,134657,
test/ABC271/A/WA/35299447.c,false,10000,103043,102464,false,10000,123292,100472,false,10000,150784,118366,false,10000,157441,124853,false,10000,163565,130853,
test/ABC271/A/WA/35299903.c,false,10000,135623,134012,false,10000,414564,391309,false,10000,446953,412295,false,10000,424577,389799,false,10000,450020,415317,
test/ABC271/A/WA/35300348.c,false,10000,108271,107729,false,10000,145363,122550,false,10000,184219,151780,false,10000,140000,107623,false,10000,158645,126378,
test/ABC271/A/WA/35303434.c,false,10000,175487,173376,false,10000,1543450,1519969,false,10000,1612926,1577963,false,10000,1570243,1535129,false,10000,1607894,1572936,
test/ABC271/A/WA/35303828.c,false,10000,53341,52799,true,7105,179754,157164,false,10000,184014,151910,true,3592,142785,111011,false,10000,223305,191373,
test/ABC271/A/WA/35304193.c,false,10000,63785,63009,true,6147,378192,355427,false,10000,377214,343769,false,10000,415569,381884,false,10000,380817,347162,
test/ABC271/A/WA/35304521.c,false,10000,70305,69788,false,10000,229143,206350,false,10000,202793,171165,true,2517,117940,86389,false,10000,195764,164024,
test/ABC271/A/WA/35307523.c,true,35,12835,12343,true,37,59045,36384,true,34,70049,38092,true,32,68509,36583,true,34,78213,46169,
test/ABC271/A/WA/35308293.c,false,10000,140923,139872,true,9778,289384,266445,false,10000,335742,302681,false,10000,305234,271932,false,10000,324360,291515,
test/ABC271/A/WA/35308774.c,false,10000,100923,100342,false,10000,131855,109175,false,10000,157161,124439,false,10000,163739,131710,false,10000,172190,139546,
test/ABC271/A/WA/35312469.c,false,10000,154183,153139,false,10000,305190,282247,false,10000,341439,308435,false,10000,319402,286840,false,10000,342394,309406,
test/ABC271/A/WA/35314893.c,false,10000,239482,238900,false,10000,222479,199607,false,10000,277845,246071,false,10000,241976,209849,false,10000,276696,243439,
test/ABC271/A/WA/35318781.c,false,10000,147722,147110,true,8038,226519,203786,false,10000,268396,235949,true,8475,242789,210376,false,10000,274138,241543,
test/ABC271/A/WA/35322117.c,false,10000,64609,64053,true,1237,77005,54477,true,9297,141028,109148,false,10000,180165,148394,true,116,70205,38180,
test/ABC271/A/WA/35322431.c,false,10000,100736,100155,false,10000,121341,98647,false,10000,154543,121726,false,10000,148739,116236,false,10000,155626,122846,
test/ABC271/A/WA/35322497.c,false,10000,101932,101363,false,10000,118938,96205,false,10000,147223,114778,false,10000,160438,127738,false,10000,157482,125353,
test/ABC271/A/WA/35322747.c,false,10000,54226,53650,false,10000,187719,164839,false,10000,154232,122045,false,10000,220215,187798,false,10000,155492,123171,
test/ABC271/A/WA/35322781.c,false,10000,92542,91949,false,10000,144096,121234,false,10000,175336,142434,false,10000,142026,108890,false,10000,165498,132601,
test/ABC271/A/WA/35322819.c,false,10000,48290,47751,true,7082,182722,159886,false,10000,172402,139770,true,4238,134133,101933,true,7785,152919,121071,
test/ABC271/A/WA/35322846.c,false,10000,64313,63815,true,2926,98926,75991,false,10000,150084,118448,true,7096,171819,139913,false,10000,145360,113636,
test/ABC271/A/WA/35322922.c,false,10000,98688,98096,false,10000,130426,107534,false,10000,173507,140735,false,10000,161720,129370,false,10000,168333,135592,
test/ABC271/A/WA/35323028.c,false,10000,53518,52953,true,6162,141113,118396,false,10000,152342,119976,false,10000,185554,153350,false,10000,154907,122614,
test/ABC271/A/WA/35323144.c,false,10000,63868,63300,true,736,79652,57123,true,2747,96974,64994,true,7659,172169,139690,true,1627,90377,58324,
test/ABC271/A/WA/35324033.c,false,10000,65959,65449,false,10000,174089,151548,false,10000,140782,109391,false,10000,185241,153723,false,10000,141475,110238,
test/ABC271/A/WA/35333165.c,false,10000,591365,590830,false,10000,404172,381389,false,10000,382469,350778,false,10000,384783,353034,false,10000,388490,356746,
test/ABC271/A/WA/35333342.c,false,10000,67056,66536,false,10000,167195,144573,false,10000,162543,130926,false,10000,180680,149134,false,10000,148488,117023,
test/ABC271/A/WA/35333390.c,false,10000,187387,186782,false,10000,249012,226170,false,10000,261007,227998,false,10000,257399,224371,false,10000,246663,213817,
test/ABC271/A/WA/35333586.c,false,10000,159394,158841,false,10000,228056,205165,false,10000,236472,204205,false,10000,236171,204221,false,10000,230344,198041,
test/ABC271/A/WA/35333619.c,false,10000,176439,175837,false,10000,224338,201671,false,10000,247571,215076,false,10000,241423,209348,false,10000,241099,208499,
test/ABC271/A/WA/35356773.c,false,10000,79310,78066,false,10000,164017,140717,false,10000,192099,160213,false,10000,178495,146509,false,10000,190998,159198,
test/ABC271/A/WA/35358164.c,false,10000,80792,79309,false,10000,706085,682883,false,10000,736387,702472,false,10000,721338,687266,false,10000,745181,710544,
test/ABC271/A/WA/35358302.c,false,10000,79646,78138,false,10000,704041,680658,false,10000,736675,702532,false,10000,722960,688572,false,10000,744291,710097,
test/ABC271/A/WA/35359796.c,false,10000,21882,21391,false,10000,103027,80166,false,10000,113411,81740,false,10000,99444,67424,false,10000,95445,63778,
test/ABC271/A/WA/35373202.c,false,10000,448972,448308,false,10000,306789,283823,false,10000,322221,288263,false,10000,315706,281969,false,10000,323390,289342,
test/ABC271/A/WA/35375207.c,false,10000,859969,859299,false,10000,637065,614193,false,10000,656327,622245,false,10000,643543,610069,false,10000,658863,624946,
test/ABC271/A/WA/35375324.c,false,10000,847636,846943,false,10000,704093,681263,false,10000,737825,703705,false,10000,734560,700579,false,10000,729369,695167,
test/ABC271/A/WA/35375344.c,false,10000,855906,855216,false,10000,692826,670184,false,10000,736293,702325,false,10000,736748,702820,false,10000,725962,692107,
test/ABC271/A/WA/35375408.c,false,10000,860192,859515,false,10000,699532,676631,false,10000,746684,712870,false,10000,731559,697485,false,10000,749899,715946,
test/ABC271/A/WA/35375441.c,false,10000,832015,831338,false,10000,709272,686482,false,10000,737779,704052,false,10000,721499,687957,false,10000,747097,713425,
test/ABC271/A/WA/35375474.c,false,10000,457278,456603,false,10000,298940,275939,false,10000,323428,289445,false,10000,313189,279395,false,10000,327547,293721,
test/ABC271/A/WA/35376049.c,false,10000,449243,448164,true,2375,212622,189517,false,10000,372221,339137,false,10000,341313,308084,false,10000,371417,338006,
test/ABC271/A/WA/35389102.c,false,10000,66234,65767,true,8769,139004,116465,false,10000,157998,126452,true,9421,172430,141135,false,10000,155565,124109,
test/ABC271/A/WA/35396777.c,false,10000,48549,48075,true,1462,57621,35049,false,10000,164857,133621,true,1195,67862,36556,false,10000,185420,154268,
test/ABC271/A/WA/35398712.c,false,10000,214902,213929,false,10000,471862,448896,false,10000,500184,464776,false,10000,479642,444532,false,10000,507031,471917,
test/ABC271/A/WA/35407121.c,false,10000,65349,64848,true,3827,92190,69394,false,10000,159692,128557,true,1089,59546,28315,false,10000,150149,119035,
test/ABC271/A/WA/35445656.c,false,10000,48042,47577,true,80,36651,14103,false,10000,144581,113178,false,10000,174218,143311,false,10000,157928,126610,
test/ABC271/A/WA/35445683.c,false,10000,64609,64112,true,2530,77007,54278,false,10000,154761,123467,true,1365,59130,27942,false,10000,169104,137804,
test/ABC271/A/WA/35515883.c,false,10000,64929,64442,true,1060,49710,27081,false,10000,142579,111392,false,10000,154813,123661,
test/ABC271/A/WA/35515988.c,false,10000,189828,188809,false,10000,252518,229543,false,10000,274798,241937,false,10000,253573,221042,false,10000,269826,237237,
test/ABC271/A/WA/35554593.c,false,10000,243367,241456,true,155,386033,362781,false,10000,588795,553649,false,10000,544765,509889,false,10000,597301,562306,
test/ABC271/A/WA/35581268.c,false,10000,50094,49429,false,10000,205550,182614,false,10000,201677,168741,false,10000,221373,188383,false,10000,214524,181680,
test/ABC271/A/WA/35581329.c,false,10000,58823,58107,false,10000,232310,209472,false,10000,231584,197701,false,10000,248413,214483,false,10000,242789,209121,
test/ABC271/A/WA/35581364.c,false,10000,58681,58026,false,10000,222189,199246,false,10000,253066,218881,false,10000,237809,203942,false,10000,219969,186135,
test/ABC271/A/WA/35581371.c,false,10000,62741,62049,false,10000,240977,218090,false,10000,242087,208238,false,10000,248442,214502,false,10000,233706,200098,
test/ABC272/A/WA/35469736.c,false,10000,118077,117560,true,955,56257,33380,true,2073,84744,53378,true,134,58967,27399,true,2144,87492,55633,
test/ABC272/A/WA/35472361.c,false,10000,338122,337611,false,10000,169386,146648,false,10000,191962,160070,false,10000,186674,155115,false,10000,192316,160969,
test/ABC272/A/WA/35473507.c,false,10000,268245,267720,true,152,51908,29242,true,1397,75859,44169,true,2077,80740,49122,true,979,66520,34778,
test/ABC272/A/WA/35474232.c,false,10000,103483,102950,false,10000,182108,159157,false,10000,195597,163630,false,10000,192919,161116,false,10000,201117,169358,
test/ABC272/A/WA/35476308.c,true,311,19501,19026,true,9443,213733,191015,true,1279,112399,80510,true,502,98631,66365,false,10000,250274,217948,
test/ABC272/A/WA/35476825.c,false,10000,107455,106749,false,10000,195088,172446,false,10000,234557,202507,false,10000,225330,192936,false,10000,235458,203152,
test/ABC272/A/WA/35478511.c,false,10000,234040,233536,false,10000,159575,136791,false,10000,173116,141454,false,10000,176620,144878,false,10000,181179,149599,
test/ABC272/A/WA/35482319.c,false,10000,219713,219157,false,10000,241109,218585,false,10000,277210,245274,false,10000,275078,242795,
test/ABC272/A/WA/35482755.c,false,10000,216135,215580,false,10000,238455,215629,false,10000,278073,245639,false,10000,258167,225976,false,10000,270810,238899,
test/ABC272/A/WA/35483690.c,false,10000,126346,125835,true,879,54795,32306,true,682,62838,31320,true,513,62466,31195,true,3150,97938,66212,
test/ABC272/A/WA/35483886.c,false,10000,129308,128801,true,626,54284,31546,true,2174,83831,52278,true,631,64003,32164,true,4639,114763,83294,
test/ABC272/A/WA/35484338.c,false,10000,209242,208681,false,10000,244688,221974,false,10000,274083,241717,false,10000,258533,226232,false,10000,268911,236650,
test/ABC272/A/WA/35484712.c,false,10000,234657,234124,true,2254,109991,87428,true,8539,223594,191574,false,10000,227133,195299,true,1385,111106,79118,
test/ABC272/A/WA/35484994.c,false,10000,204229,203685,true,1806,100086,77371,false,10000,278446,245876,false,10000,259338,227004,false,10000,269629,237277,
test/ABC272/A/WA/35485366.c,false,10000,137465,136941,true,887,55537,32927,true,486,63489,31768,true,1549,71978,40089,true,5499,121705,90087,
test/ABC272/A/WA/35485382.c,false,10000,202715,202165,false,10000,247789,225036,false,10000,265097,232993,false,10000,258101,225722,false,10000,279515,247135,
test/ABC272/A/WA/35485534.c,true,37,10408,9959,true,35,49922,27080,true,33,60255,28942,true,32,56965,25393,true,32,57955,26454,
test/ABC272/A/WA/35485772.c,false,10000,224616,224067,false,10000,249145,226466,false,10000,278918,246461,false,10000,265578,233387,false,10000,282225,249965,
test/ABC272/A/WA/35487415.c,false,10000,277435,276939,false,10000,160165,137447,false,10000,184079,152521,false,10000,172407,140474,false,10000,181722,150070,
test/ABC272/A/WA/35487654.c,false,10000,224015,223507,false,10000,165626,142832,false,10000,180658,149128,false,10000,174292,142686,false,10000,180605,149060,
test/ABC272/A/WA/35494501.c,false,10000,112309,111651,false,10000,238232,215493,false,10000,278300,245448,false,10000,259780,227026,false,10000,270715,238009,
test/ABC272/A/WA/35494756.c,false,10000,147681,146853,false,10000,377443,354524,false,10000,423426,388617,false,10000,399856,364983,false,10000,419470,384232,
test/ABC272/A/WA/35497222.c,
test/ABC272/A/WA/35508987.c,false,10000,70136,69684,false,10000,153727,131080,false,10000,173961,142073,false,10000,172163,140652,false,10000,180143,148650,
test/ABC272/A/WA/35515715.c,false,10000,131873,131133,false,10000,283872,261036,false,10000,311275,277712,false,10000,298313,264739,false,10000,311583,277537,
test/ABC272/A/WA/35520784.c,false,10000,66870,66356,false,10000,180308,157611,false,10000,216574,185078,false,10000,191642,160069,false,10000,211000,179134,
test/ABC272/A/WA/35520843.c,false,10000,61038,60549,false,10000,135862,113203,false,10000,180057,148402,false,10000,158951,127429,false,10000,179014,147321,
test/ABC272/A/WA/35552588.c,false,10000,128876,128369,true,450,51604,28879,true,268,61738,30467,true,796,64414,32892,true,844,62802,31544,
test/ABC272/A/WA/35553888.c,true,4930,202021,201581,true,327,63818,41183,true,163,73336,41827,true,222,70972,39225,true,56,73327,41893,
