target,threshold,is_repaired,used_function_name,pop_count,execution_time,preprocessing_time,similarity_calculation_time,repair_time,tag
test/ABC265/A/WA/34216199.c,0.1,true,test/ABC271/A/AC/35284976.c::main,932,79769,22443,8857,48277,2
test/ABC265/A/WA/34216199.c,0.1,true,test/ABC271/A/AC/35284076.c::main,694,79177,22449,8649,47904,2
test/ABC265/A/WA/34216199.c,0.1,true,test/ABC271/A/AC/35287560.c::main,118,75323,22479,8299,44394,2
test/ABC265/A/WA/34216199.c,0.1,true,test/ABC265/A/AC/35216313.c::main,245,75103,22554,8473,43891,2
test/ABC265/A/WA/34216199.c,0.1,true,test/ABC267/A/AC/34814797.c::main,3521,114261,22520,8480,83067,2
test/ABC265/A/WA/34216809.c,0.1,false,test/ABC272/A/AC/35473836.c::main,10000,136728,22293,7806,106352,2
test/ABC265/A/WA/34216809.c,0.1,false,test/ABC269/A/AC/34924677.c::main,10000,116543,22462,7999,85869,2
test/ABC265/A/WA/34216809.c,0.1,false,test/ABC269/A/AC/35354508.c::main,10000,104686,22273,8070,74105,2
test/ABC265/A/WA/34216809.c,0.1,false,test/ABC270/A/AC/35115224.c::main,10000,107686,22491,8319,76617,2
test/ABC265/A/WA/34216809.c,0.1,false,test/ABC269/A/AC/35438929.c::main,10000,109408,22054,8394,78783,2
test/ABC265/A/WA/34220909.c,0.1,false,test/ABC272/A/AC/35477677.c::main,10000,154603,22168,8345,123785,2
test/ABC265/A/WA/34220909.c,0.1,false,test/ABC269/A/AC/35063438.c::main,10000,143997,22588,8168,112984,2
test/ABC265/A/WA/34220909.c,0.1,false,test/ABC265/A/AC/34275800.c::main,10000,149080,22495,8225,118152,2
test/ABC265/A/WA/34220909.c,0.1,true,test/ABC265/A/AC/34884076.c::main,2625,60472,21836,8349,30137,2
test/ABC265/A/WA/34220909.c,0.1,false,test/ABC265/A/AC/35436053.c::main,10000,122050,22316,8472,91018,2
test/ABC265/A/WA/34222363.c,0.1,false,test/ABC267/A/AC/34535328.c::main,10000,163564,22413,8445,132440,2
test/ABC265/A/WA/34222363.c,0.1,false,test/ABC270/A/AC/35259663.c::main,10000,166444,22484,8156,135569,2
test/ABC265/A/WA/34222363.c,0.1,false,test/ABC268/A/AC/34851893.c::main,10000,150117,22182,8401,119281,2
test/ABC265/A/WA/34222363.c,0.1,false,test/ABC265/A/AC/34777152.c::main,10000,174778,22453,8651,143365,2
test/ABC265/A/WA/34222363.c,0.1,false,test/ABC270/A/AC/35115224.c::main,10000,164636,22599,8175,133624,2
test/ABC265/A/WA/34231867.c,0.1,false,test/ABC272/A/AC/35483537.c::main,10000,267549,22078,8635,236537,2
test/ABC265/A/WA/34231867.c,0.1,false,test/ABC270/A/AC/35093194.c::main,10000,262661,22510,8481,231422,2
test/ABC265/A/WA/34231867.c,0.1,false,test/ABC270/A/AC/35226580.c::main,10000,255979,22622,8718,224290,2
test/ABC265/A/WA/34231867.c,0.1,false,test/ABC271/A/AC/35287560.c::main,10000,245721,22597,8585,214222,2
test/ABC265/A/WA/34231867.c,0.1,false,test/ABC272/A/AC/35474397.c::main,10000,251251,22469,8894,219529,2
test/ABC265/A/WA/34240301.c,0.1,false,test/ABC270/A/AC/35097513.c::main,10000,154217,21796,8309,123879,2
test/ABC265/A/WA/34240301.c,0.1,false,test/ABC266/A/AC/34381168.c::main,10000,162078,21915,8478,131449,2
test/ABC265/A/WA/34240301.c,0.1,false,test/ABC265/A/AC/34220013.c::main,10000,154375,22590,8766,122785,2
test/ABC265/A/WA/34240301.c,0.1,false,test/ABC271/A/AC/35420077.c::main,10000,181128,22475,8575,149832,2
test/ABC265/A/WA/34240301.c,0.1,false,test/ABC268/A/AC/34806103.c::main,10000,146705,22210,8548,115717,2
test/ABC265/A/WA/34244947.c,0.1,false,test/ABC268/A/AC/34770450.c::main,10000,253948,22014,8507,223134,2
test/ABC265/A/WA/34244947.c,0.1,false,test/ABC272/A/AC/35561992.c::main,10000,253908,22147,8298,223242,2
test/ABC265/A/WA/34244947.c,0.1,false,test/ABC265/A/AC/34292138.c::main,10000,258821,22629,8795,227067,2
test/ABC265/A/WA/34244947.c,0.1,false,test/ABC268/A/AC/34836386.c::main,10000,257533,22660,8529,226064,2
test/ABC265/A/WA/34244947.c,0.1,false,test/ABC270/A/AC/35169148.c::main,10000,246335,21906,8382,215710,2
test/ABC265/A/WA/34283462.c,0.1,false,test/ABC271/A/AC/35277402.c::main,10000,167047,22347,8447,136014,2
test/ABC265/A/WA/34283462.c,0.1,false,test/ABC271/A/AC/35285498.c::main,10000,141487,22198,8440,110578,2
test/ABC265/A/WA/34283462.c,0.1,false,test/ABC271/A/AC/35304357.c::main,10000,144043,22188,8359,113309,2
test/ABC265/A/WA/34283462.c,0.1,false,test/ABC271/A/AC/35284076.c::main,10000,143381,22409,8550,112183,2
test/ABC265/A/WA/34283462.c,0.1,false,test/ABC271/A/AC/35287560.c::main,10000,164953,22138,8682,133803,2
test/ABC265/A/WA/34291691.c,0.1,false,test/ABC265/A/AC/34343378.c::main,10000,137987,22233,8279,107201,2
test/ABC265/A/WA/34291691.c,0.1,false,test/ABC269/A/AC/34920360.c::main,10000,144984,21997,8306,114445,2
test/ABC265/A/WA/34291691.c,0.1,false,test/ABC270/A/AC/35176787.c::main,10000,176408,22022,8070,146095,2
test/ABC265/A/WA/34291691.c,0.1,false,test/ABC265/A/AC/34201391.c::main,10000,142792,22847,8555,111157,2
test/ABC265/A/WA/34291691.c,0.1,false,test/ABC269/A/AC/35063438.c::main,10000,138461,22103,8554,107590,2
test/ABC265/A/WA/34292112.c,0.1,true,test/ABC265/A/AC/34199446.c::main,715,70160,21727,8479,39755,2
test/ABC265/A/WA/34292112.c,0.1,true,test/ABC265/A/AC/34201391.c::main,2309,82739,22142,8383,52077,2
test/ABC265/A/WA/34292112.c,0.1,true,test/ABC265/A/AC/34203505.c::main,1989,86389,22266,8279,55688,2
test/ABC265/A/WA/34292112.c,0.1,true,test/ABC269/A/AC/34923958.c::main,826,77152,21941,8343,46709,2
test/ABC265/A/WA/34292112.c,0.1,true,test/ABC267/A/AC/34722745.c::main,4615,112814,22728,8573,81291,2
test/ABC265/A/WA/34845370.c,0.1,true,test/ABC265/A/AC/34343378.c::main,660,70307,22027,8446,39695,2
test/ABC265/A/WA/34845370.c,0.1,true,test/ABC265/A/AC/34777152.c::main,8730,148772,22236,8667,117590,2
test/ABC265/A/WA/34845370.c,0.1,true,test/ABC265/A/AC/34362213.c::main,2685,82905,21954,8341,52467,2
test/ABC265/A/WA/34845370.c,0.1,false,test/ABC267/A/AC/34694046.c::main,10000,171240,22542,8189,140262,2
test/ABC265/A/WA/34845370.c,0.1,false,test/ABC267/A/AC/34534527.c::main,10000,174135,22929,8236,142757,2
test/ABC265/A/WA/35416554.c,0.1,true,test/ABC270/A/AC/35385451.c::main,2778,87064,22461,8292,56150,2
test/ABC265/A/WA/35416554.c,0.1,false,test/ABC270/A/AC/35099179.c::main,10000,170334,21998,8445,139552,2
test/ABC265/A/WA/35416554.c,0.1,false,test/ABC271/A/AC/35280073.c::main,10000,145456,22574,8402,114238,2
test/ABC265/A/WA/35416554.c,0.1,false,test/ABC265/A/AC/34884076.c::main,10000,157613,22413,8387,126532,2
test/ABC265/A/WA/35416554.c,0.1,false,test/ABC265/A/AC/34199446.c::main,10000,159205,22595,8615,127735,2
test/ABC266/A/WA/34387647.c,0.1,true,test/ABC266/A/AC/34479155.c::main,2063,76429,22497,8204,45585,2
test/ABC266/A/WA/34387647.c,0.1,false,test/ABC267/A/AC/34531029.c::main,10000,138684,22525,8125,107841,2
test/ABC266/A/WA/34387647.c,0.1,false,test/ABC266/A/AC/34380721.c::main,10000,145671,22193,8175,115066,2
test/ABC266/A/WA/34387647.c,0.1,true,test/ABC266/A/AC/34372609.c::main,2136,76564,22512,8311,45586,2
test/ABC266/A/WA/34387647.c,0.1,true,test/ABC266/A/AC/34479155.c::main,915,59806,22379,8104,29185,2
test/ABC266/A/WA/34388373.c,0.1,true,test/ABC266/A/AC/35370793.c::main,1987,81617,22138,8080,51255,2
test/ABC266/A/WA/34388373.c,0.1,true,test/ABC266/A/AC/34633277.c::main,2322,92071,22646,8281,60975,2
test/ABC266/A/WA/34388373.c,0.1,false,test/ABC266/A/AC/35175604.c::main,10000,198919,22425,8208,168103,2
test/ABC266/A/WA/34388373.c,0.1,false,test/ABC270/A/AC/35112898.c::main,10000,197856,22220,8315,167096,2
test/ABC266/A/WA/34388373.c,0.1,false,test/ABC272/A/AC/35492247.c::main,10000,192734,22340,8227,161961,2
test/ABC266/A/WA/34389174.c,0.1,true,test/ABC266/A/AC/34959841.c::main,2167,78254,22236,8564,47272,2
test/ABC266/A/WA/34389174.c,0.1,false,test/ABC266/A/AC/34514691.c::main,10000,140748,22632,8610,109275,2
test/ABC266/A/WA/34389174.c,0.1,false,test/ABC271/A/AC/35276318.c::main,10000,142750,22582,8367,111605,2
test/ABC266/A/WA/34389174.c,0.1,true,test/ABC266/A/AC/34479155.c::main,439,61230,22512,8644,29902,2
test/ABC266/A/WA/34389174.c,0.1,true,test/ABC266/A/AC/34479155.c::main,351,60232,22199,8274,29633,2
test/ABC266/A/WA/34478981.c,0.1,false,test/ABC270/A/AC/35197025.c::main,10000,120231,22083,8502,89434,2
test/ABC266/A/WA/34478981.c,0.1,false,test/ABC271/A/AC/35343521.c::main,10000,122408,22505,8723,90965,2
test/ABC266/A/WA/34478981.c,0.1,false,test/ABC265/A/AC/34202424.c::main,10000,118192,22127,8542,87323,2
test/ABC266/A/WA/34478981.c,0.1,false,test/ABC270/A/AC/35115224.c::main,10000,122511,22350,8218,91748,2
test/ABC266/A/WA/34478981.c,0.1,false,test/ABC267/A/AC/34537779.c::main,10000,119094,22352,8498,88058,2
test/ABC266/A/WA/34515128.c,0.1,false,test/ABC270/A/AC/35112898.c::main,10000,204717,22537,8555,173401,2
test/ABC266/A/WA/34515128.c,0.1,true,test/ABC266/A/AC/34387413.c::main,4541,131559,22252,8517,100508,2
test/ABC266/A/WA/34515128.c,0.1,true,test/ABC266/A/AC/34380892.c::main,603,74884,22402,8341,44014,2
test/ABC266/A/WA/34515128.c,0.1,false,test/ABC271/A/AC/35331885.c::main,10000,205646,22480,8488,174466,2
test/ABC266/A/WA/34515128.c,0.1,false,test/ABC266/A/AC/34959841.c::main,10000,212979,22763,8224,181728,2
test/ABC266/A/WA/34520157.c,0.1,false,test/ABC266/A/AC/34374309.c::main,10000,92756,22323,8151,62107,2
test/ABC266/A/WA/34520157.c,0.1,false,test/ABC266/A/AC/34374668.c::main,10000,97498,22396,8340,66530,2
test/ABC266/A/WA/34520157.c,0.1,false,test/ABC266/A/AC/35192283.c::main,10000,91930,22163,8213,61368,2
test/ABC266/A/WA/34520157.c,0.1,false,test/ABC266/A/AC/34842300.c::main,10000,111616,22386,8357,80653,2
test/ABC266/A/WA/34520157.c,0.1,true,test/ABC266/A/AC/34493982.c::main,7994,83138,22387,8020,52547,2
test/ABC266/A/WA/34520595.c,0.1,false,test/ABC272/A/AC/35469885.c::main,10000,88605,22238,8300,57846,2
test/ABC266/A/WA/34520595.c,0.1,false,test/ABC270/A/AC/35393413.c::main,10000,85302,22284,8493,54319,2
test/ABC266/A/WA/34520595.c,0.1,false,test/ABC267/A/AC/34569402.c::main,10000,86079,22321,8242,55312,2
test/ABC266/A/WA/34520595.c,0.1,false,test/ABC266/A/AC/34369910.c::main,10000,85373,22181,8172,54852,2
test/ABC266/A/WA/34520595.c,0.1,false,test/ABC265/A/AC/34211757.c::main,10000,88681,21940,8236,58332,2
test/ABC266/A/WA/34520659.c,0.1,false,test/ABC266/A/AC/34380892.c::main,10000,91283,22441,8527,60086,2
test/ABC266/A/WA/34520659.c,0.1,false,test/ABC271/A/AC/35285498.c::main,10000,86212,22014,8298,55720,2
test/ABC266/A/WA/34520659.c,0.1,false,test/ABC267/A/AC/35212965.c::main,10000,95093,22371,8277,64212,2
test/ABC266/A/WA/34520659.c,0.1,false,test/ABC266/A/AC/34436369.c::main,10000,88513,22359,8492,57433,2
test/ABC266/A/WA/34520659.c,0.1,false,test/ABC271/A/AC/35285498.c::main,10000,88643,22612,8135,57726,2
test/ABC266/A/WA/34683285.c,0.1,true,test/ABC266/A/AC/34883137.c::main,7266,90379,22629,8400,59138,2
test/ABC266/A/WA/34683285.c,0.1,true,test/ABC272/A/AC/35509272.c::main,1773,67236,22537,8721,35811,2
test/ABC266/A/WA/34683285.c,0.1,true,test/ABC266/A/AC/35215880.c::main,6755,89131,22475,8702,57755,2
test/ABC266/A/WA/34683285.c,0.1,true,test/ABC266/A/AC/34374035.c::main,424,61686,22590,8365,30574,2
test/ABC266/A/WA/34683285.c,0.1,true,test/ABC270/A/AC/35176787.c::main,4484,77207,22342,8699,45992,2
test/ABC266/A/WA/34884528.c,0.1,false,test/ABC266/A/AC/34959841.c::main,10000,218835,22699,8572,187341,2
test/ABC266/A/WA/34884528.c,0.1,true,test/ABC267/A/AC/35457188.c::main,1553,82667,22282,8458,51794,2
test/ABC266/A/WA/34884528.c,0.1,true,test/ABC266/A/AC/34479155.c::main,3438,113367,22073,8212,82931,2
test/ABC266/A/WA/34884528.c,0.1,true,test/ABC266/A/AC/34371925.c::main,5271,155720,22124,8348,125023,2
test/ABC266/A/WA/34884528.c,0.1,true,test/ABC266/A/AC/34500773.c::main,4921,136660,21990,8370,106143,2
test/ABC266/A/WA/35327392.c,0.1,false,test/ABC266/A/AC/35293992.c::main,10000,199498,22340,8530,168388,2
test/ABC266/A/WA/35327392.c,0.1,false,test/ABC271/A/AC/35291869.c::main,10000,196753,22306,8441,165667,2
test/ABC266/A/WA/35327392.c,0.1,false,test/ABC266/A/AC/34374668.c::main,10000,193130,22239,8838,161786,2
test/ABC266/A/WA/35327392.c,0.1,false,test/ABC266/A/AC/34372609.c::main,10000,198932,22801,8499,167383,2
test/ABC266/A/WA/35327392.c,0.1,false,test/ABC266/A/AC/34366727.c::main,10000,198915,22531,8207,167953,2
test/ABC266/A/WA/35464024.c,0.1,false,test/ABC271/A/AC/35289507.c::main,10000,179615,22289,8309,148817,2
test/ABC266/A/WA/35464024.c,0.1,false,test/ABC271/A/AC/35358435.c::main,10000,185146,22627,8567,153735,2
test/ABC266/A/WA/35464024.c,0.1,false,test/ABC267/A/AC/34537168.c::main,10000,176437,22480,8145,145623,2
test/ABC266/A/WA/35464024.c,0.1,false,test/ABC270/A/AC/35385451.c::main,10000,181942,22545,8526,150586,2
test/ABC266/A/WA/35464024.c,0.1,false,test/ABC272/A/AC/35473118.c::main,10000,178286,22299,8086,147713,2
test/ABC267/A/WA/34536872.c,0.1,false,test/ABC267/A/AC/34688895.c::main,10000,170604,22310,8206,139873,2
test/ABC267/A/WA/34536872.c,0.1,false,test/ABC267/A/AC/34535545.c::main,10000,170430,22375,8492,139328,2
test/ABC267/A/WA/34536872.c,0.1,false,test/ABC270/A/AC/35176787.c::main,10000,169916,21787,8325,139589,2
test/ABC267/A/WA/34536872.c,0.1,false,test/ABC270/A/AC/35129661.c::main,10000,171264,22337,8636,140056,2
test/ABC267/A/WA/34536872.c,0.1,false,test/ABC267/A/AC/34555721.c::main,10000,171163,22556,8282,140097,2
test/ABC267/A/WA/34541438.c,0.1,true,test/ABC272/A/AC/35471081.c::main,152,99964,22217,8611,69003,2
test/ABC267/A/WA/34541438.c,0.1,true,test/ABC271/A/AC/35280073.c::main,315,100417,22047,8645,69584,2
test/ABC267/A/WA/34541438.c,0.1,true,test/ABC270/A/AC/35134819.c::main,114,99761,22575,8347,68701,2
test/ABC267/A/WA/34541438.c,0.1,true,test/ABC265/A/AC/34861406.c::main,117,99535,22309,8579,68517,2
test/ABC267/A/WA/34541438.c,0.1,true,test/ABC272/A/AC/35471823.c::main,106,100082,21979,8763,69183,2
test/ABC267/A/WA/34542281.c,0.1,false,test/ABC268/A/AC/35063764.c::main,10000,198370,22272,8528,167349,2
test/ABC267/A/WA/34542281.c,0.1,false,test/ABC267/A/AC/34535499.c::main,10000,196242,22614,8584,164838,2
test/ABC267/A/WA/34542281.c,0.1,false,test/ABC270/A/AC/35145364.c::main,10000,197465,21904,8290,166997,2
test/ABC267/A/WA/34542281.c,0.1,false,test/ABC267/A/AC/34630634.c::main,10000,198962,22523,8421,167735,2
test/ABC267/A/WA/34542281.c,0.1,false,test/ABC267/A/AC/35034220.c::main,10000,198808,22462,8396,167701,2
test/ABC267/A/WA/34554006.c,0.1,false,test/ABC269/A/AC/34969298.c::main,10000,128606,22445,9333,96538,2
test/ABC267/A/WA/34554006.c,0.1,false,test/ABC267/A/AC/34536263.c::main,10000,123891,22085,9387,92222,2
test/ABC267/A/WA/34554006.c,0.1,false,test/ABC267/A/AC/34531029.c::main,10000,125384,22316,9447,93398,2
test/ABC267/A/WA/34554006.c,0.1,false,test/ABC267/A/AC/34628416.c::main,10000,125370,22160,9626,93342,2
test/ABC267/A/WA/34554006.c,0.1,false,test/ABC266/A/AC/35293992.c::main,10000,124364,22246,9201,92697,2
test/ABC267/A/WA/34565403.c,0.1,false,test/ABC270/A/AC/35129661.c::main,10000,173789,22375,8277,142852,2
test/ABC267/A/WA/34565403.c,0.1,false,test/ABC270/A/AC/35380208.c::main,10000,168909,22594,8317,137755,2
test/ABC267/A/WA/34565403.c,0.1,false,test/ABC270/A/AC/35380208.c::main,10000,175433,22230,8342,144650,2
test/ABC267/A/WA/34565403.c,0.1,false,test/ABC267/A/AC/34543203.c::main,10000,176527,22151,8352,145795,2
test/ABC267/A/WA/34565403.c,0.1,false,test/ABC270/A/AC/35176787.c::main,10000,162003,22339,8246,131149,2
test/ABC267/A/WA/34584088.c,0.1,true,test/ABC267/A/AC/34537908.c::main,939,115888,22253,8601,84809,2
test/ABC267/A/WA/34584088.c,0.1,true,test/ABC267/A/AC/35004028.c::main,51,113052,22229,8701,81961,2
test/ABC267/A/WA/34584088.c,0.1,true,test/ABC267/A/AC/34541731.c::main,75,111833,22135,8604,80963,2
test/ABC267/A/WA/34584088.c,0.1,true,test/ABC267/A/AC/34541252.c::main,38,112563,22520,8565,81332,2
test/ABC267/A/WA/34584088.c,0.1,true,test/ABC267/A/AC/34541252.c::main,570,113952,22029,8398,83357,2
test/ABC267/A/WA/34640273.c,0.1,false,test/ABC270/A/AC/35101676.c::main,10000,268184,22004,8666,237296,2
test/ABC267/A/WA/34640273.c,0.1,false,test/ABC267/A/AC/34537908.c::main,10000,269300,23037,8748,237260,2
test/ABC267/A/WA/34640273.c,0.1,false,test/ABC270/A/AC/35176787.c::main,10000,267921,22148,8685,236829,2
test/ABC267/A/WA/34640273.c,0.1,false,test/ABC270/A/AC/35112898.c::main,10000,271702,22069,8822,240482,2
test/ABC267/A/WA/34640273.c,0.1,false,test/ABC267/A/AC/34589777.c::main,10000,276181,22325,8588,245022,2
test/ABC267/A/WA/34683954.c,0.1,true,test/ABC267/A/AC/35004028.c::main,58,143849,22084,8409,113217,2
test/ABC267/A/WA/34683954.c,0.1,true,test/ABC271/A/AC/35420077.c::main,3062,157726,22664,8493,126399,2
test/ABC267/A/WA/34683954.c,0.1,true,test/ABC267/A/AC/34541731.c::main,2955,157243,22286,8324,126467,2
test/ABC267/A/WA/34683954.c,0.1,true,test/ABC267/A/AC/35013996.c::main,457,145598,22227,8439,114792,2
test/ABC267/A/WA/34683954.c,0.1,true,test/ABC267/A/AC/34541731.c::main,3141,157630,22730,8521,126184,2
test/ABC267/A/WA/34838928.c,0.1,false,test/ABC267/A/AC/34541473.c::main,10000,141475,22279,8280,110708,2
test/ABC267/A/WA/34838928.c,0.1,false,test/ABC267/A/AC/35187812.c::main,10000,141898,22380,8577,110695,2
test/ABC267/A/WA/34838928.c,0.1,false,test/ABC270/A/AC/35385451.c::main,10000,142395,22159,8397,111573,2
test/ABC267/A/WA/34838928.c,0.1,false,test/ABC267/A/AC/34608714.c::main,10000,142990,22244,8446,112040,2
test/ABC267/A/WA/34838928.c,0.1,false,test/ABC267/A/AC/34628416.c::main,10000,141583,22313,8504,110572,2
test/ABC267/A/WA/35017179.c,0.1,true,test/ABC271/A/AC/35291869.c::main,1324,92011,22607,8532,60727,2
test/ABC267/A/WA/35017179.c,0.1,true,test/ABC270/A/AC/35385451.c::main,1285,91220,22619,8606,59841,2
test/ABC267/A/WA/35017179.c,0.1,true,test/ABC267/A/AC/34630634.c::main,552,82007,22055,8391,51417,2
test/ABC267/A/WA/35017179.c,0.1,true,test/ABC270/A/AC/35094196.c::output_array,457,81538,22660,8583,50134,2
test/ABC267/A/WA/35017179.c,0.1,true,test/ABC271/A/AC/35287560.c::main,299,80755,22329,8588,49704,2
test/ABC267/A/WA/35033785.c,0.1,true,test/ABC270/A/AC/35113302.c::main,1513,167675,22194,8839,136488,2
test/ABC267/A/WA/35033785.c,0.1,true,test/ABC272/A/AC/35528236.c::main,2477,172098,22371,8832,140736,2
test/ABC267/A/WA/35033785.c,0.1,true,test/ABC267/A/AC/34630634.c::main,1714,168579,22243,8482,137690,2
test/ABC267/A/WA/35033785.c,0.1,true,test/ABC270/A/AC/35176787.c::main,2429,171024,21937,9048,139890,2
test/ABC267/A/WA/35033785.c,0.1,true,test/ABC267/A/AC/34545523.c::main,382,164250,22621,9104,132339,2
test/ABC267/A/WA/35531401.c,0.1,false,test/ABC267/A/AC/35556417.c::main,10000,143379,22335,8626,112199,2
test/ABC267/A/WA/35531401.c,0.1,false,test/ABC271/A/AC/35581631.c::main,10000,145544,22720,8559,114026,2
test/ABC267/A/WA/35531401.c,0.1,false,test/ABC267/A/AC/34535799.c::main,10000,157049,22384,8519,125894,2
test/ABC267/A/WA/35531401.c,0.1,false,test/ABC267/A/AC/34630634.c::main,10000,154102,22806,8555,122462,2
test/ABC267/A/WA/35531401.c,0.1,false,test/ABC267/A/AC/35013996.c::main,10000,158175,22475,8777,126684,2
test/ABC268/A/WA/34733903.c,0.1,true,test/ABC270/A/AC/35094196.c::output_array,168,153925,22347,8867,122536,2
test/ABC268/A/WA/34733903.c,0.1,true,test/ABC271/A/AC/35285498.c::main,5931,206678,22835,8240,175408,2
test/ABC268/A/WA/34733903.c,0.1,true,test/ABC271/A/AC/35285498.c::main,4718,194626,22543,8558,163350,2
test/ABC268/A/WA/34733903.c,0.1,true,test/ABC270/A/AC/35385451.c::main,1447,161317,22153,8516,130486,2
test/ABC268/A/WA/34733903.c,0.1,true,test/ABC271/A/AC/35284976.c::main,6905,215103,22500,8636,183753,2
test/ABC268/A/WA/34749049.c,0.1,false,test/ABC267/A/AC/34685188.c::main,10000,144958,22205,8644,113870,2
test/ABC268/A/WA/34749049.c,0.1,false,test/ABC270/A/AC/35385451.c::main,10000,143305,22123,8317,112652,2
test/ABC268/A/WA/34749049.c,0.1,false,test/ABC267/A/AC/34591770.c::main,10000,139651,22207,8596,108631,2
test/ABC268/A/WA/34749049.c,0.1,false,test/ABC267/A/AC/34531029.c::main,10000,144960,22107,8644,113971,2
test/ABC268/A/WA/34749049.c,0.1,false,test/ABC268/A/AC/35212286.c::main,10000,142805,22880,8356,111370,2
test/ABC268/A/WA/34750477.c,0.1,false,test/ABC268/A/AC/34770196.c::main,10000,224868,22439,8333,193881,2
test/ABC268/A/WA/34750477.c,0.1,false,test/ABC270/A/AC/35144264.c::main,10000,221045,22401,8431,189944,2
test/ABC268/A/WA/34750477.c,0.1,false,test/ABC270/A/AC/35115224.c::main,10000,222675,22065,8447,191927,2
test/ABC268/A/WA/34750477.c,0.1,false,test/ABC270/A/AC/35380208.c::main,10000,223898,22441,8166,193072,2
test/ABC268/A/WA/34750477.c,0.1,false,test/ABC268/A/AC/35580540.c::main,10000,226464,22746,8468,195009,2
test/ABC268/A/WA/34751176.c,0.1,true,test/ABC270/A/AC/35104273.c::main,1261,114437,22580,8805,82875,2
test/ABC268/A/WA/34751176.c,0.1,true,test/ABC272/A/AC/35477677.c::main,977,108135,22365,8659,76966,2
test/ABC268/A/WA/34751176.c,0.1,true,test/ABC268/A/AC/34753071.c::main,844,109578,22443,8781,78200,2
test/ABC268/A/WA/34751176.c,0.1,true,test/ABC268/A/AC/34753071.c::main,1080,112036,22554,8716,80613,2
test/ABC268/A/WA/34751176.c,0.1,true,test/ABC268/A/AC/34739485.c::main,661,108570,22175,8635,77623,2
test/ABC268/A/WA/34751535.c,0.1,true,test/ABC272/A/AC/35471106.c::main,261,104136,22206,8811,72966,2
test/ABC268/A/WA/34751535.c,0.1,true,test/ABC272/A/AC/35470815.c::main,568,109757,22639,8855,78109,2
test/ABC268/A/WA/34751535.c,0.1,true,test/ABC272/A/AC/35466163.c::main,4038,137312,22307,8734,106084,2
test/ABC268/A/WA/34751535.c,0.1,true,test/ABC268/A/AC/34744880.c::main,1408,114914,22314,8725,83696,2
test/ABC268/A/WA/34751535.c,0.1,true,test/ABC272/A/AC/35492247.c::main,462,105143,22768,8584,73642,2
test/ABC268/A/WA/34809860.c,0.1,false,test/ABC272/A/AC/35516200.c::main,10000,223926,22661,8212,192789,2
test/ABC268/A/WA/34809860.c,0.1,false,test/ABC267/A/AC/34537779.c::main,10000,223734,22268,8763,192405,2
test/ABC268/A/WA/34809860.c,0.1,false,test/ABC268/A/AC/34735856.c::main,10000,222647,22275,8407,191672,2
test/ABC268/A/WA/34809860.c,0.1,false,test/ABC265/A/AC/35216313.c::main,10000,222881,22621,8349,191698,2
test/ABC268/A/WA/34809860.c,0.1,false,test/ABC268/A/AC/34842085.c::main,10000,223036,22032,8395,192346,2
test/ABC268/A/WA/34852790.c,0.1,true,test/ABC271/A/AC/35287560.c::main,996,99275,22458,8656,67923,2
test/ABC268/A/WA/34852790.c,0.1,true,test/ABC272/A/AC/35471911.c::main_logic,741,98487,22647,8546,67163,2
test/ABC268/A/WA/34852790.c,0.1,true,test/ABC270/A/AC/35169825.c::main,1839,109606,22180,8614,78517,2
test/ABC268/A/WA/34852790.c,0.1,true,test/ABC268/A/AC/34742787.c::main,1543,105033,22468,8367,74041,2
test/ABC268/A/WA/34852790.c,0.1,true,test/ABC268/A/AC/34812138.c::main,208,96506,22563,8575,65211,2
test/ABC268/A/WA/34989492.c,0.1,false,test/ABC268/A/AC/34806103.c::main,10000,206471,23209,8541,174493,2
test/ABC268/A/WA/34989492.c,0.1,false,test/ABC268/A/AC/34901333.c::main,10000,208748,22625,8239,177637,2
test/ABC268/A/WA/34989492.c,0.1,false,test/ABC270/A/AC/35119485.c::main,10000,212056,22263,8177,181419,2
test/ABC268/A/WA/34989492.c,0.1,false,test/ABC266/A/AC/34884540.c::main,10000,206263,22406,8620,174946,2
test/ABC268/A/WA/34989492.c,0.1,false,test/ABC271/A/AC/35276318.c::main,10000,203677,22162,8381,172896,2
test/ABC268/A/WA/35403545.c,0.1,false,test/ABC270/A/AC/35095739.c::main,10000,153802,22250,8472,122816,2
test/ABC268/A/WA/35403545.c,0.1,false,test/ABC267/A/AC/34535499.c::main,10000,160153,22302,8362,129247,2
test/ABC268/A/WA/35403545.c,0.1,false,test/ABC267/A/AC/34589777.c::main,10000,149032,22595,8281,117911,2
test/ABC268/A/WA/35403545.c,0.1,false,test/ABC272/A/AC/35501312.c::main,10000,153858,22332,8262,122994,2
test/ABC268/A/WA/35403545.c,0.1,false,test/ABC267/A/AC/34545523.c::main,10000,153161,22291,8286,122288,2
test/ABC268/A/WA/35585114.c,0.1,false,test/ABC267/A/AC/34549773.c::main,10000,205488,22410,8685,174169,2
test/ABC268/A/WA/35585114.c,0.1,false,test/ABC270/A/AC/35557032.c::main,10000,208608,22363,8382,177644,2
test/ABC268/A/WA/35585114.c,0.1,false,test/ABC267/A/AC/34540251.c::main,10000,209202,22439,8450,178075,2
test/ABC268/A/WA/35585114.c,0.1,false,test/ABC267/A/AC/34589777.c::main,10000,207912,22749,8584,176315,2
test/ABC268/A/WA/35585114.c,0.1,false,test/ABC267/A/AC/34860131.c::main,10000,205036,22328,8854,173633,2
test/ABC268/A/WA/35585128.c,0.1,false,test/ABC267/A/AC/34537811.c::main,10000,194044,22376,8728,162677,2
test/ABC268/A/WA/35585128.c,0.1,false,test/ABC267/A/AC/34661016.c::main,10000,200731,22451,8565,169420,2
test/ABC268/A/WA/35585128.c,0.1,false,test/ABC272/A/AC/35515939.c::main,10000,194480,22242,8799,163137,2
test/ABC268/A/WA/35585128.c,0.1,false,test/ABC268/A/AC/34735934.c::main,10000,197193,22231,8659,166039,2
test/ABC268/A/WA/35585128.c,0.1,false,test/ABC270/A/AC/35122661.c::main,10000,198196,22379,8313,167281,2
test/ABC268/A/WA/35585228.c,0.1,false,test/ABC267/A/AC/34963495.c::main,10000,205787,22259,8593,174672,2
test/ABC268/A/WA/35585228.c,0.1,false,test/ABC267/A/AC/34591770.c::main,10000,213252,22454,8581,181941,2
test/ABC268/A/WA/35585228.c,0.1,false,test/ABC272/A/AC/35515939.c::main,10000,207038,21968,8579,176221,2
test/ABC268/A/WA/35585228.c,0.1,false,test/ABC265/A/AC/34207074.c::main,10000,210937,22512,8567,179643,2
test/ABC268/A/WA/35585228.c,0.1,false,test/ABC270/A/AC/35094196.c::output_array,10000,214591,22799,8664,182868,2
test/ABC269/A/WA/34922833.c,0.1,true,test/ABC269/A/AC/34976501.c::main,398,45969,22701,8116,15011,2
test/ABC269/A/WA/34922833.c,0.1,true,test/ABC269/A/AC/35331004.c::main,384,45651,22517,8217,14782,2
test/ABC269/A/WA/34922833.c,0.1,true,test/ABC269/A/AC/34922053.c::main,245,45232,22374,8178,14529,2
test/ABC269/A/WA/34922833.c,0.1,true,test/ABC269/A/AC/35033234.c::main,2640,60053,22751,8202,28945,2
test/ABC269/A/WA/34922833.c,0.1,true,test/ABC269/A/AC/34926969.c::main,1322,51278,23071,8067,19993,2
test/ABC269/A/WA/34927044.c,0.1,false,test/ABC269/A/AC/34923277.c::main,10000,107094,22602,7866,76403,2
test/ABC269/A/WA/34927044.c,0.1,false,test/ABC265/A/AC/34204296.c::main,10000,131097,22348,8032,100488,2
test/ABC269/A/WA/34927044.c,0.1,false,test/ABC270/A/AC/35097535.c::main,10000,112922,22095,8034,82589,2
test/ABC269/A/WA/34927044.c,0.1,false,test/ABC270/A/AC/35380208.c::main,10000,139017,22409,8185,108220,2
test/ABC269/A/WA/34927044.c,0.1,false,test/ABC270/A/AC/35098646.c::main,10000,129489,22283,8271,98675,2
test/ABC269/A/WA/34929225.c,0.1,false,test/ABC270/A/AC/35112898.c::main,10000,104654,22373,8326,73760,2
test/ABC269/A/WA/34929225.c,0.1,true,test/ABC269/A/AC/35085373.c::main,6881,105867,22521,8465,74703,2
test/ABC269/A/WA/34929225.c,0.1,false,test/ABC271/A/AC/35399034.c::main,10000,115046,22341,8092,84381,2
test/ABC269/A/WA/34929225.c,0.1,false,test/ABC272/A/AC/35471842.c::main,10000,102565,22538,7997,71818,2
test/ABC269/A/WA/34929225.c,0.1,false,test/ABC272/A/AC/35470929.c::main,10000,104543,22933,8435,72921,2
test/ABC269/A/WA/34946811.c,0.1,false,test/ABC267/A/AC/34661016.c::main,10000,87575,21887,8167,57321,2
test/ABC269/A/WA/34946811.c,0.1,false,test/ABC271/A/AC/35581631.c::main,10000,89339,22083,8370,58668,2
test/ABC269/A/WA/34946811.c,0.1,false,test/ABC269/A/AC/34973414.c::main,10000,89218,22439,8412,58156,2
test/ABC269/A/WA/34946811.c,0.1,false,test/ABC270/A/AC/35380208.c::main,10000,89952,22523,8500,58682,2
test/ABC269/A/WA/34946811.c,0.1,false,test/ABC270/A/AC/35176787.c::main,10000,89803,22961,8262,58389,2
test/ABC269/A/WA/35045796.c,0.1,false,test/ABC272/A/AC/35470985.c::main,10000,98853,22361,7960,68339,2
test/ABC269/A/WA/35045796.c,0.1,false,test/ABC272/A/AC/35483230.c::main,10000,99210,22205,8123,68719,2
test/ABC269/A/WA/35045796.c,0.1,true,test/ABC271/A/AC/35389124.c::main,7305,86632,22357,8223,55860,2
test/ABC269/A/WA/35045796.c,0.1,false,test/ABC269/A/AC/34919216.c::main,10000,123384,22471,8063,92615,2
test/ABC269/A/WA/35045796.c,0.1,true,test/ABC271/A/AC/35290490.c::main,2979,59819,22460,8186,29006,2
test/ABC269/A/WA/35062760.c,0.1,true,test/ABC269/A/AC/34989066.c::main,305,45222,22370,8424,14301,2
test/ABC269/A/WA/35062760.c,0.1,true,test/ABC269/A/AC/34953188.c::main,536,46282,22537,8283,15331,2
test/ABC269/A/WA/35062760.c,0.1,true,test/ABC266/A/AC/34370146.c::main,3896,72130,22173,8581,41213,2
test/ABC269/A/WA/35062760.c,0.1,true,test/ABC269/A/AC/35024688.c::main,232,45222,22399,8088,14589,2
test/ABC269/A/WA/35062760.c,0.1,true,test/ABC269/A/AC/35024688.c::main,3464,65663,22197,8213,35104,2
test/ABC269/A/WA/35062823.c,0.1,true,test/ABC269/A/AC/34922054.c::main,993,48220,22741,7933,17414,2
test/ABC269/A/WA/35062823.c,0.1,true,test/ABC269/A/AC/35426980.c::main,688,48111,22184,8270,17523,2
test/ABC269/A/WA/35062823.c,0.1,true,test/ABC269/A/AC/34932903.c::main,694,47101,22537,8385,16053,2
test/ABC269/A/WA/35062823.c,0.1,true,test/ABC269/A/AC/35084634.c::main,690,46770,22183,7925,16464,2
test/ABC269/A/WA/35062823.c,0.1,true,test/ABC269/A/AC/34973414.c::main,1594,52304,22368,8306,21483,2
test/ABC269/A/WA/35063446.c,0.1,true,test/ABC269/A/AC/34976501.c::main,162,44698,22303,8386,13855,2
test/ABC269/A/WA/35063446.c,0.1,true,test/ABC269/A/AC/34921998.c::main,84,45104,22490,8473,13982,2
test/ABC269/A/WA/35063446.c,0.1,true,test/ABC269/A/AC/35426980.c::main,305,45224,22246,8101,14751,2
test/ABC269/A/WA/35063446.c,0.1,true,test/ABC269/A/AC/34923810.c::main,1259,53145,22164,8063,22784,2
test/ABC269/A/WA/35063446.c,0.1,true,test/ABC269/A/AC/34920360.c::main,2804,65208,22624,8123,34310,2
test/ABC269/A/WA/35064636.c,0.1,true,test/ABC269/A/AC/34923172.c::main_logic,1162,49941,22476,8044,19284,2
test/ABC269/A/WA/35064636.c,0.1,true,test/ABC269/A/AC/34924326.c::main,414,46055,22536,7855,15535,2
test/ABC269/A/WA/35064636.c,0.1,true,test/ABC269/A/AC/34922185.c::main,747,47079,22109,8093,16732,2
test/ABC269/A/WA/35064636.c,0.1,true,test/ABC269/A/AC/35156870.c::main,1351,54705,22269,8017,24265,2
test/ABC269/A/WA/35064636.c,0.1,true,test/ABC269/A/AC/35004420.c::main,3658,65158,22234,8073,34686,2
test/ABC269/A/WA/35242382.c,0.1,true,test/ABC269/A/AC/35331004.c::main,51,44576,22125,8337,13953,2
test/ABC269/A/WA/35242382.c,0.1,true,,36,43970,21972,8130,13742,2
test/ABC269/A/WA/35242382.c,0.1,true,test/ABC267/A/AC/35457188.c::main,75,44683,22006,8385,14124,2
test/ABC269/A/WA/35242382.c,0.1,true,,32,43194,21989,7984,13095,2
test/ABC269/A/WA/35242382.c,0.1,true,test/ABC268/A/AC/35270532.c::main,40,43476,22176,8041,13130,2
test/ABC269/A/WA/35242390.c,0.1,true,test/ABC266/A/AC/34382586.c::main,32,44221,22353,8162,13562,2
test/ABC269/A/WA/35242390.c,0.1,true,test/ABC265/A/AC/34325472.c::main,42,44251,22473,8145,13504,2
test/ABC269/A/WA/35242390.c,0.1,true,test/ABC269/A/AC/34919216.c::main,37,43951,21978,8240,13594,2
test/ABC269/A/WA/35242390.c,0.1,true,,40,43372,22205,8025,13016,2
test/ABC269/A/WA/35242390.c,0.1,true,test/ABC265/A/AC/34213179.c::main,35,44774,22543,8145,13945,2
test/ABC269/A/WA/35356573.c,0.1,false,test/ABC270/A/AC/35259663.c::main,10000,109570,22550,7916,78923,2
test/ABC269/A/WA/35356573.c,0.1,false,test/ABC265/A/AC/34357769.c::main,10000,111220,22171,7969,80804,2
test/ABC269/A/WA/35356573.c,0.1,false,test/ABC270/A/AC/35361196.c::main,10000,109278,22157,8268,78601,2
test/ABC269/A/WA/35356573.c,0.1,false,test/ABC268/A/AC/34733942.c::main,10000,106820,22261,8130,76148,2
test/ABC269/A/WA/35356573.c,0.1,false,test/ABC270/A/AC/35399213.c::main,10000,104347,22428,8033,73641,2
test/ABC270/A/WA/35094867.c,0.1,true,test/ABC270/A/AC/35145227.c::main,252,90672,22615,8334,59573,2
test/ABC270/A/WA/35094867.c,0.1,true,test/ABC270/A/AC/35092184.c::main,114,89342,21939,8321,58952,2
test/ABC270/A/WA/35094867.c,0.1,true,test/ABC265/A/AC/34777152.c::main,697,91593,22112,8201,61148,2
test/ABC270/A/WA/35094867.c,0.1,true,test/ABC270/A/AC/35100686.c::main_logic,952,92967,22203,8337,62285,2
test/ABC270/A/WA/35094867.c,0.1,true,test/ABC268/A/AC/34729399.c::main,676,91604,21989,8208,61221,2
test/ABC270/A/WA/35096720.c,0.1,true,test/ABC268/A/AC/34887049.c::main,523,91504,22494,8074,60802,2
test/ABC270/A/WA/35096720.c,0.1,true,test/ABC270/A/AC/35137542.c::main,762,93514,22660,8335,62343,2
test/ABC270/A/WA/35096720.c,0.1,true,test/ABC268/A/AC/34770450.c::main,51,89611,22619,8202,58658,2
test/ABC270/A/WA/35096720.c,0.1,true,test/ABC271/A/AC/35285498.c::main,87,89201,22261,8067,58742,2
test/ABC270/A/WA/35096720.c,0.1,true,test/ABC271/A/AC/35285498.c::main,295,89992,22152,8328,59324,2
test/ABC270/A/WA/35098023.c,0.1,true,test/ABC270/A/AC/35557032.c::main,784,115062,22291,8343,84292,2
test/ABC270/A/WA/35098023.c,0.1,true,test/ABC267/A/AC/34537724.c::main,333,113211,22139,8219,82722,2
test/ABC270/A/WA/35098023.c,0.1,true,test/ABC270/A/AC/35111215.c::main,1481,120994,22800,8522,89528,2
test/ABC270/A/WA/35098023.c,0.1,true,test/ABC270/A/AC/35094196.c::output_array,83,112532,22684,8700,80971,2
test/ABC270/A/WA/35098023.c,0.1,true,test/ABC272/A/AC/35495010.c::main,718,116797,22389,8486,85778,2
test/ABC270/A/WA/35103589.c,0.1,true,test/ABC270/A/AC/35169825.c::main,316,79982,22497,8632,48718,2
test/ABC270/A/WA/35103589.c,0.1,true,test/ABC268/A/AC/34727631.c::main,1359,90113,22981,8734,58263,2
test/ABC270/A/WA/35103589.c,0.1,true,test/ABC270/A/AC/35149570.c::main,5746,119702,22715,8634,88117,2
test/ABC270/A/WA/35103589.c,0.1,true,test/ABC272/A/AC/35561992.c::main,187,79691,22220,8714,48610,2
test/ABC270/A/WA/35103589.c,0.1,true,test/ABC265/A/AC/34275800.c::main,1142,85508,22370,8666,54315,2
test/ABC270/A/WA/35110132.c,0.1,true,test/ABC271/A/AC/35287560.c::main,36,101203,22452,9206,69417,2
test/ABC270/A/WA/35110132.c,0.1,true,test/ABC271/A/AC/35285630.c::main,2484,115563,22607,9521,83238,2
test/ABC270/A/WA/35110132.c,0.1,true,test/ABC271/A/AC/35287560.c::main,4288,137960,22419,9264,106048,2
test/ABC270/A/WA/35110132.c,0.1,true,test/ABC270/A/AC/35385451.c::main,3813,126683,22395,9319,94797,2
test/ABC270/A/WA/35110132.c,0.1,true,test/ABC270/A/AC/35385451.c::main,2186,114199,22528,9599,81890,2
test/ABC270/A/WA/35147761.c,0.1,false,test/ABC270/A/AC/35380208.c::main,10000,242757,22634,8531,211356,2
test/ABC270/A/WA/35147761.c,0.1,false,test/ABC265/A/AC/34345650.c::main,10000,240246,22789,8845,208378,2
test/ABC270/A/WA/35147761.c,0.1,true,test/ABC271/A/AC/35276318.c::main,1199,167322,22761,8588,135787,2
test/ABC270/A/WA/35147761.c,0.1,true,test/ABC270/A/AC/35138353.c::main,4446,195241,22858,8574,163487,2
test/ABC270/A/WA/35147761.c,0.1,true,test/ABC271/A/AC/35516159.c::main,1259,167543,22902,8370,136117,2
test/ABC270/A/WA/35193667.c,0.1,false,test/ABC272/A/AC/35471911.c::main,10000,159496,22441,8601,128226,2
test/ABC270/A/WA/35193667.c,0.1,true,test/ABC270/A/AC/35399213.c::main,2000,110286,22339,8603,79178,2
test/ABC270/A/WA/35193667.c,0.1,false,test/ABC265/A/AC/34205732.c::main,10000,172624,22222,8778,141328,2
test/ABC270/A/WA/35193667.c,0.1,true,test/ABC270/A/AC/35233868.c::main,6091,136637,22777,8667,104969,2
test/ABC270/A/WA/35193667.c,0.1,true,test/ABC270/A/AC/35093554.c::main,830,92487,22252,8400,61628,2
test/ABC270/A/WA/35197374.c,0.1,false,test/ABC270/A/AC/35113302.c::main,10000,160827,22645,8516,129440,2
test/ABC270/A/WA/35197374.c,0.1,false,test/ABC270/A/AC/35129661.c::main,10000,191464,22607,8487,160087,2
test/ABC270/A/WA/35197374.c,0.1,false,test/ABC269/A/AC/35048496.c::main,10000,193707,21977,8660,162843,2
test/ABC270/A/WA/35197374.c,0.1,true,test/ABC268/A/AC/34961252.c::main,9466,181997,22359,8333,151099,2
test/ABC270/A/WA/35197374.c,0.1,false,test/ABC269/A/AC/35563468.c::main,10000,180201,22562,8479,148909,2
test/ABC270/A/WA/35197533.c,0.1,false,test/ABC272/A/AC/35471394.c::main,10000,182181,22570,8450,150909,2
test/ABC270/A/WA/35197533.c,0.1,true,test/ABC270/A/AC/35384974.c::main,4649,135467,22852,8187,104257,2
test/ABC270/A/WA/35197533.c,0.1,false,test/ABC270/A/AC/35115500.c::main,10000,185597,22745,8705,153875,2
test/ABC270/A/WA/35197533.c,0.1,true,test/ABC270/A/AC/35149570.c::main,7926,171793,22438,8687,140456,2
test/ABC270/A/WA/35197533.c,0.1,true,test/ABC270/A/AC/35093554.c::main,1354,105252,22307,8354,74449,2
test/ABC270/A/WA/35391515.c,0.1,false,test/ABC271/A/AC/35287560.c::main,10000,176444,22512,9160,144466,2
test/ABC270/A/WA/35391515.c,0.1,false,test/ABC271/A/AC/35420077.c::main,10000,184926,22596,8922,153181,2
test/ABC270/A/WA/35391515.c,0.1,false,test/ABC271/A/AC/35287560.c::main,10000,162434,22217,8868,131118,2
test/ABC270/A/WA/35391515.c,0.1,false,test/ABC271/A/AC/35285498.c::main,10000,164724,22619,8993,132842,2
test/ABC270/A/WA/35391515.c,0.1,false,test/ABC270/A/AC/35101676.c::main,10000,162295,22195,8691,131196,2
test/ABC270/A/WA/35391619.c,0.1,true,test/ABC271/A/AC/35277402.c::main,1707,110396,22648,8602,78928,2
test/ABC270/A/WA/35391619.c,0.1,true,test/ABC270/A/AC/35385451.c::main,3481,109176,22637,8457,77922,2
test/ABC270/A/WA/35391619.c,0.1,true,test/ABC270/A/AC/35110339.c::main,1474,96904,22066,8586,66095,2
test/ABC270/A/WA/35391619.c,0.1,true,test/ABC271/A/AC/35285498.c::main,665,93572,22507,8647,62240,2
test/ABC270/A/WA/35391619.c,0.1,true,test/ABC271/A/AC/35458089.c::main,47,89940,22660,8431,58711,2
test/ABC270/A/WA/35391719.c,0.1,true,test/ABC270/A/AC/35385451.c::main,287,113597,22109,9026,82288,2
test/ABC270/A/WA/35391719.c,0.1,true,test/ABC270/A/AC/35385451.c::main,825,116184,22256,8835,84943,2
test/ABC270/A/WA/35391719.c,0.1,true,test/ABC271/A/AC/35287560.c::main,5431,144066,22004,8576,113300,2
test/ABC270/A/WA/35391719.c,0.1,true,test/ABC267/A/AC/34537724.c::main,641,114672,22438,8607,83488,2
test/ABC270/A/WA/35391719.c,0.1,true,test/ABC270/A/AC/35160108.c::main,1271,121366,22387,8634,90208,2
test/ABC271/A/WA/35281322.c,0.1,false,test/ABC265/A/AC/34231450.c::main,10000,213122,22370,8788,181747,2
test/ABC271/A/WA/35281322.c,0.1,true,test/ABC271/A/AC/35271629.c::main,1102,120792,22589,8674,89376,2
test/ABC271/A/WA/35281322.c,0.1,false,test/ABC265/A/AC/34239656.c::main,10000,189205,22226,8990,157699,2
test/ABC271/A/WA/35281322.c,0.1,false,test/ABC271/A/AC/35319534.c::main,10000,192159,22606,9047,160241,2
test/ABC271/A/WA/35281322.c,0.1,false,test/ABC271/A/AC/35420077.c::main,10000,172092,22408,8844,140624,2
test/ABC271/A/WA/35283368.c,0.1,true,test/ABC268/A/AC/34732575.c::main,4608,145159,21946,8504,114533,2
test/ABC271/A/WA/35283368.c,0.1,true,test/ABC269/A/AC/34934196.c::main,2860,119978,21885,8330,89589,2
test/ABC271/A/WA/35283368.c,0.1,true,test/ABC271/A/AC/35343521.c::main,1080,100501,22664,8723,68942,2
test/ABC271/A/WA/35283368.c,0.1,true,test/ABC272/A/AC/35476559.c::main,4116,134731,22073,8361,104113,2
test/ABC271/A/WA/35283368.c,0.1,true,test/ABC271/A/AC/35386249.c::main,266,96025,22147,8426,65319,2
test/ABC271/A/WA/35283446.c,0.1,false,test/ABC270/A/AC/35115224.c::main,10000,144185,22345,8879,112712,2
test/ABC271/A/WA/35283446.c,0.1,false,test/ABC271/A/AC/35331885.c::main,10000,117322,22315,8642,86183,2
test/ABC271/A/WA/35283446.c,0.1,false,test/ABC267/A/AC/35212965.c::main,10000,109713,22353,8502,78663,2
test/ABC271/A/WA/35283446.c,0.1,false,test/ABC270/A/AC/35441732.c::main,10000,123826,22137,8495,92963,2
test/ABC271/A/WA/35283446.c,0.1,false,test/ABC267/A/AC/34608714.c::main,10000,110123,22426,8665,78780,2
test/ABC271/A/WA/35284163.c,0.1,false,test/ABC266/A/AC/34513371.c::main,10000,132784,22543,8554,101492,2
test/ABC271/A/WA/35284163.c,0.1,false,test/ABC271/A/AC/35455259.c::main,10000,134386,21940,8408,103779,2
test/ABC271/A/WA/35284163.c,0.1,false,test/ABC271/A/AC/35278486.c::main,10000,107199,22556,8461,75970,2
test/ABC271/A/WA/35284163.c,0.1,false,test/ABC270/A/AC/35095739.c::main,10000,128072,22598,8658,96596,2
test/ABC271/A/WA/35284163.c,0.1,false,test/ABC271/A/AC/35284976.c::main,10000,130317,22278,8810,98992,2
test/ABC271/A/WA/35286559.c,0.1,false,test/ABC271/A/AC/35284976.c::main,10000,144771,22548,8787,113176,2
test/ABC271/A/WA/35286559.c,0.1,false,test/ABC271/A/AC/35284976.c::main,10000,169276,22120,8704,138200,2
test/ABC271/A/WA/35286559.c,0.1,false,test/ABC271/A/AC/35274809.c::main,10000,144156,22678,8712,112485,2
test/ABC271/A/WA/35286559.c,0.1,false,test/ABC271/A/AC/35284976.c::main,10000,137540,22467,8656,106206,2
test/ABC271/A/WA/35286559.c,0.1,false,test/ABC271/A/AC/35305973.c::main,10000,153908,22612,8671,122210,2
test/ABC271/A/WA/35293994.c,0.1,false,test/ABC271/A/AC/35343521.c::main,10000,108454,22069,8740,77441,2
test/ABC271/A/WA/35293994.c,0.1,false,test/ABC270/A/AC/35129661.c::main,10000,128865,21978,8925,97725,2
test/ABC271/A/WA/35293994.c,0.1,false,test/ABC271/A/AC/35305973.c::main,10000,125478,22499,8733,93997,2
test/ABC271/A/WA/35293994.c,0.1,false,test/ABC271/A/AC/35306517.c::main,10000,128144,22453,8443,97050,2
test/ABC271/A/WA/35293994.c,0.1,false,test/ABC267/A/AC/34722745.c::main,10000,125700,22322,8406,94696,2
test/ABC271/A/WA/35298251.c,0.1,false,test/ABC271/A/AC/35287560.c::main,10000,129202,22231,8856,97901,2
test/ABC271/A/WA/35298251.c,0.1,false,test/ABC270/A/AC/35094839.c::main,10000,134593,22315,8969,103013,2
test/ABC271/A/WA/35298251.c,0.1,false,test/ABC270/A/AC/35390933.c::main,10000,123595,22277,8557,92536,2
test/ABC271/A/WA/35298251.c,0.1,false,test/ABC270/A/AC/35176787.c::main,10000,124059,22501,8817,92496,2
test/ABC271/A/WA/35298251.c,0.1,false,test/ABC265/A/AC/34215149.c::main,10000,132255,22834,8602,100596,2
test/ABC271/A/WA/35299447.c,0.1,false,test/ABC267/A/AC/34533448.c::main,10000,116861,22875,8614,85181,2
test/ABC271/A/WA/35299447.c,0.1,false,test/ABC271/A/AC/35280073.c::main,10000,126716,22253,8792,95460,2
test/ABC271/A/WA/35299447.c,0.1,false,test/ABC267/A/AC/34661016.c::main,10000,126999,22203,8748,95795,2
test/ABC271/A/WA/35299447.c,0.1,false,test/ABC265/A/AC/34959503.c::main,10000,117353,22419,8985,85728,2
test/ABC271/A/WA/35299447.c,0.1,false,test/ABC265/A/AC/34275800.c::main,10000,126286,22275,9099,94595,2
test/ABC271/A/WA/35307523.c,0.1,true,test/ABC266/A/AC/35215880.c::main,32,71913,22357,8991,40375,2
test/ABC271/A/WA/35307523.c,0.1,true,test/ABC268/A/AC/35571556.c::main,32,66822,22102,8800,35795,2
test/ABC271/A/WA/35307523.c,0.1,true,test/ABC268/A/AC/35580955.c::main,35,67297,22242,8847,36059,2
test/ABC271/A/WA/35307523.c,0.1,true,test/ABC270/A/AC/35183770.c::main,34,67517,22662,8744,35981,2
test/ABC271/A/WA/35307523.c,0.1,true,test/ABC272/A/AC/35471727.c::main,32,70547,22332,8579,39507,2
test/ABC271/A/WA/35322747.c,0.1,true,test/ABC270/A/AC/35115224.c::main,7327,128291,22486,8337,97256,2
test/ABC271/A/WA/35322747.c,0.1,true,test/ABC271/A/AC/35305973.c::main,8977,141440,21911,8506,110792,2
test/ABC271/A/WA/35322747.c,0.1,true,test/ABC267/A/AC/34580899.c::main,3222,93831,22550,8519,62561,2
test/ABC271/A/WA/35322747.c,0.1,true,test/ABC268/A/AC/34859574.c::main,9832,167690,22386,8547,136455,2
test/ABC271/A/WA/35322747.c,0.1,true,test/ABC271/A/AC/35295440.c::main,6449,136744,22194,8615,105715,2
test/ABC271/A/WA/35333619.c,0.1,false,test/ABC268/A/AC/34799093.c::main,10000,220290,22435,8353,189250,2
test/ABC271/A/WA/35333619.c,0.1,false,test/ABC270/A/AC/35244405.c::main,10000,222639,22275,8619,191447,2
test/ABC271/A/WA/35333619.c,0.1,true,test/ABC271/A/AC/35420077.c::main,2796,128349,22409,8731,97055,2
test/ABC271/A/WA/35333619.c,0.1,false,test/ABC267/A/AC/34589777.c::main,10000,218689,22505,8681,187294,2
test/ABC271/A/WA/35333619.c,0.1,false,test/ABC268/A/AC/34740660.c::main,10000,227022,22360,8532,195858,2
test/ABC271/A/WA/35376049.c,0.1,false,test/ABC271/A/AC/35278318.c::main,10000,290334,22344,8603,259099,2
test/ABC271/A/WA/35376049.c,0.1,false,test/ABC265/A/AC/34275800.c::main,10000,305469,22540,8717,273943,2
test/ABC271/A/WA/35376049.c,0.1,true,test/ABC271/A/AC/35275824.c::main,437,187072,22801,8730,155390,2
test/ABC271/A/WA/35376049.c,0.1,true,test/ABC270/A/AC/35113302.c::main,4858,244747,22553,8426,213594,2
test/ABC271/A/WA/35376049.c,0.1,false,test/ABC271/A/AC/35289630.c::main,10000,294387,22495,8715,262886,2
test/ABC272/A/WA/35469736.c,0.1,true,test/ABC265/A/AC/34959503.c::main,1849,70464,22143,8007,40167,2
test/ABC272/A/WA/35469736.c,0.1,true,test/ABC272/A/AC/35494533.c::main,904,63103,21695,8460,32818,2
test/ABC272/A/WA/35469736.c,0.1,true,test/ABC265/A/AC/34357769.c::main,771,62343,22511,8220,31467,2
test/ABC272/A/WA/35469736.c,0.1,true,test/ABC270/A/AC/35557032.c::main,469,61124,22095,8109,30764,2
test/ABC272/A/WA/35469736.c,0.1,true,test/ABC272/A/AC/35467992.c::main,42,56294,22457,8243,25442,2
test/ABC272/A/WA/35474232.c,0.1,false,test/ABC272/A/AC/35469031.c::main,10000,155739,22205,8269,124999,2
test/ABC272/A/WA/35474232.c,0.1,false,test/ABC271/A/AC/35304357.c::main,10000,150856,22521,8077,120052,2
test/ABC272/A/WA/35474232.c,0.1,false,test/ABC270/A/AC/35113302.c::main,10000,159347,22332,8273,128484,2
test/ABC272/A/WA/35474232.c,0.1,false,test/ABC270/A/AC/35103105.c::main,10000,155022,22395,8308,124086,2
test/ABC272/A/WA/35474232.c,0.1,false,test/ABC268/A/AC/34731948.c::main,10000,147444,22677,8563,115964,2
test/ABC272/A/WA/35476308.c,0.1,true,test/ABC268/A/AC/34732752.c::main,1537,106266,22591,8436,75090,2
test/ABC272/A/WA/35476308.c,0.1,true,test/ABC268/A/AC/34756292.c::main,6460,155917,21966,8316,125419,2
test/ABC272/A/WA/35476308.c,0.1,true,test/ABC269/A/AC/34921759.c::main,4051,130363,22352,8344,99497,2
test/ABC272/A/WA/35476308.c,0.1,true,test/ABC272/A/AC/35501312.c::main,2829,116420,22393,8725,85117,2
test/ABC272/A/WA/35476308.c,0.1,true,test/ABC268/A/AC/34753071.c::main,1108,100022,22372,8381,69130,2
test/ABC272/A/WA/35476825.c,0.1,false,test/ABC272/A/AC/35552156.c::main,10000,146189,22480,8749,114756,2
test/ABC272/A/WA/35476825.c,0.1,false,test/ABC271/A/AC/35331430.c::main,10000,162050,22430,8525,130877,2
test/ABC272/A/WA/35476825.c,0.1,false,test/ABC268/A/AC/34749355.c::main,10000,166523,22330,8595,135364,2
test/ABC272/A/WA/35476825.c,0.1,false,test/ABC270/A/AC/35156600.c::main,10000,161384,22235,8401,130518,2
test/ABC272/A/WA/35476825.c,0.1,false,test/ABC270/A/AC/35105766.c::main,10000,150302,22493,8477,119130,2
test/ABC272/A/WA/35478511.c,0.1,false,test/ABC270/A/AC/35115224.c::main,10000,157347,22205,8376,126487,2
test/ABC272/A/WA/35478511.c,0.1,false,test/ABC270/A/AC/35384974.c::main,10000,159602,22251,7918,129195,2
test/ABC272/A/WA/35478511.c,0.1,false,test/ABC270/A/AC/35176787.c::main,10000,161843,22471,8435,130652,2
test/ABC272/A/WA/35478511.c,0.1,false,test/ABC272/A/AC/35552828.c::main,10000,159762,22422,8235,128826,2
test/ABC272/A/WA/35478511.c,0.1,false,test/ABC265/A/AC/34589600.c::main,10000,161151,22174,8147,130568,2
test/ABC272/A/WA/35482319.c,0.1,false,test/ABC272/A/AC/35473836.c::main,10000,252504,22445,8800,221031,2
test/ABC272/A/WA/35482319.c,0.1,false,test/ABC270/A/AC/35115224.c::main,10000,242012,22518,8412,210878,2
test/ABC272/A/WA/35482319.c,0.1,false,test/ABC270/A/AC/35113302.c::main,10000,251645,22313,8667,220402,2
test/ABC272/A/WA/35482319.c,0.1,false,test/ABC270/A/AC/35098646.c::main,10000,237871,22280,8570,206759,2
test/ABC272/A/WA/35482319.c,0.1,false,test/ABC270/A/AC/35176787.c::main,10000,248989,22436,8615,217690,2
test/ABC272/A/WA/35482755.c,0.1,false,test/ABC270/A/AC/35106730.c::main,10000,246657,22735,8675,215022,2
test/ABC272/A/WA/35482755.c,0.1,false,test/ABC268/A/AC/34733712.c::main,10000,243839,22288,8718,212606,2
test/ABC272/A/WA/35482755.c,0.1,false,test/ABC270/A/AC/35111191.c::check,10000,240419,22348,8648,209205,2
test/ABC272/A/WA/35482755.c,0.1,false,test/ABC267/A/AC/34546242.c::main,10000,236360,21819,8552,205780,2
test/ABC272/A/WA/35482755.c,0.1,false,test/ABC270/A/AC/35129661.c::main,10000,240206,22320,8668,208919,2
test/ABC272/A/WA/35484712.c,0.1,true,test/ABC272/A/AC/35470432.c::main,2446,115560,22551,8734,84087,2
test/ABC272/A/WA/35484712.c,0.1,true,test/ABC268/A/AC/34739904.c::main,4793,132384,22439,8543,101239,2
test/ABC272/A/WA/35484712.c,0.1,true,test/ABC268/A/AC/34742101.c::main,4724,136098,22601,8455,104860,2
test/ABC272/A/WA/35484712.c,0.1,true,test/ABC268/A/AC/35063764.c::main,630,96986,22141,8412,66295,2
test/ABC272/A/WA/35484712.c,0.1,true,test/ABC268/A/AC/35580955.c::main,1736,105676,22325,8297,74896,2
test/ABC272/A/WA/35485772.c,0.1,false,test/ABC270/A/AC/35380208.c::main,10000,247580,21910,8418,217033,2
test/ABC272/A/WA/35485772.c,0.1,false,test/ABC270/A/AC/35129661.c::main,10000,249549,22334,8657,218278,2
test/ABC272/A/WA/35485772.c,0.1,false,test/ABC267/A/AC/34537779.c::main,10000,249830,22363,8317,218890,2
test/ABC272/A/WA/35485772.c,0.1,false,test/ABC271/A/AC/35399034.c::main,10000,252809,21876,8625,222089,2
test/ABC272/A/WA/35485772.c,0.1,true,test/ABC271/A/AC/35287201.c::main,6381,186234,22357,8919,154712,2
test/ABC272/A/WA/35487654.c,0.1,false,test/ABC269/A/AC/34921756.c::main,10000,157368,22390,8225,126532,2
test/ABC272/A/WA/35487654.c,0.1,false,test/ABC265/A/AC/34222461.c::main,10000,154623,22144,8244,124035,2
test/ABC272/A/WA/35487654.c,0.1,false,test/ABC270/A/AC/35399213.c::main,10000,163045,22335,8322,132132,2
test/ABC272/A/WA/35487654.c,0.1,false,test/ABC268/A/AC/35061552.c::main,10000,157392,21933,8557,126650,2
test/ABC272/A/WA/35487654.c,0.1,false,test/ABC265/A/AC/34204296.c::main,10000,157459,21845,8163,127216,2
test/ABC272/A/WA/35520784.c,0.1,false,test/ABC267/A/AC/34537811.c::main,10000,155482,21913,8438,124865,2
test/ABC272/A/WA/35520784.c,0.1,false,test/ABC270/A/AC/35197025.c::main,10000,144463,22790,8283,113184,2
test/ABC272/A/WA/35520784.c,0.1,false,test/ABC270/A/AC/35233868.c::main,10000,145471,22366,8517,114342,2
test/ABC272/A/WA/35520784.c,0.1,false,test/ABC267/A/AC/34661016.c::main,10000,146848,22125,8219,116272,2
test/ABC272/A/WA/35520784.c,0.1,false,test/ABC267/A/AC/34860131.c::main,10000,151262,22438,8264,120274,2
test/ABC272/A/WA/35520843.c,0.1,false,test/ABC271/A/AC/35280080.c::main,10000,127677,22215,8081,97188,2
test/ABC272/A/WA/35520843.c,0.1,false,test/ABC270/A/AC/35361689.c::main,10000,127352,22509,8219,96443,2
test/ABC272/A/WA/35520843.c,0.1,false,test/ABC270/A/AC/35197025.c::main,10000,129489,22623,8226,98371,2
test/ABC272/A/WA/35520843.c,0.1,false,test/ABC270/A/AC/35129661.c::main,10000,129465,22330,8520,98407,2
test/ABC272/A/WA/35520843.c,0.1,false,test/ABC270/A/AC/35129661.c::main,10000,124762,22018,8043,94506,2
